"","V1","V2","V3","V4","V5","V6","V7","V8","V9","V10","V11","V12","V13","V14","V15","V16","V17","V18","V19","V20","V21","V22","V23","V24","V25","V26","V27","V28","V29","V30","V31","V32","V33","V34","V35","V36","V37","V38","V39","V40","V41","V42","V43","V44","V45","V46","V47","V48","V49","V50","V51","V52","V53","V54","V55","V56","V57","V58","V59","V60","V61","V62","V63","V64","V65","V66","V67","V68","V69","V70","V71","V72","V73","V74","V75","V76","V77"
"1",0,7.57096819060451,31.8748164374101,31.4745805498936,26.8888449215173,28.4856682898561,25.4642544574234,24.5222984352562,22.0443918933613,35.9071343779543,31.3841557714355,32.4325711570533,30.2767762291957,28.6000041344266,28.6551160163974,27.1695275807982,29.8491590037474,27.9139290146932,26.1889147392845,24.6276945671071,25.2473324381253,23.2396034393801,21.7148121166953,20.3429174269153,19.2913994222283,23.051129909946,20.0695854027595,19.0551818389277,17.1471229546623,17.7744057407614,15.7337201028526,14.7958409120833,16.8670344212133,14.4874885597347,13.0291224760201,12.0281760876767,10.6216054553394,9.47642609417823,9.584488028283,8.96734931377338,7.35046078832917,7.32839231566859,5.64793686216874,4.2124863013337,2.10312851480114,1.97339679909201,4.02263263184859,1.99073615511787,3.27434968082534,2.46702605411566,4.70735696938252,5.64809634214548,8.57953387013935,6.87392576266085,15.8765056940337,14.1958856646213,13.0838000171515,12.9601898590099,12.7620934571982,10.3938320113752,12.8503262021536,11.8103329261151,9.57943864995952,7.88649251503519,6.66843095941499,4.22756810256427,9.53174745527501,5.28710426627817,6.74166186166992,4.51935028034429,10.3896370240887,7.39002117803725,29.2761706092157,15.4228762895308,11.1801683188245,36.9327933289682,33.3561577763684
"2",7.57096819060451,0,39.2333296317555,38.7072181792356,34.2674667896193,35.714383181871,32.6606025921311,31.8778019551368,29.4094743712352,42.3852113301092,38.0460285564583,39.2540162404313,37.3022049122626,35.5927509078334,35.2517066770489,34.0962358916864,36.004688974319,34.0051912011895,32.5937623516616,31.318304634622,32.2156713051243,30.2470541011049,28.3967129511638,27.4682245222558,26.7190084832555,29.1980918451324,26.4723287100202,25.7616361360284,24.296373509236,24.1705419057337,21.9243632485516,21.7942016364227,24.3149628133377,21.9504826735199,20.3677527449214,19.4818446502911,18.1581117000655,16.7259252789714,17.0150544326093,16.5292554510434,14.7335485716428,14.898624997266,13.2166246495203,11.5518479416333,8.95851226325506,9.43625895002496,9.99142020835266,8.12356025076653,5.43760303832401,5.10419316315537,4.36363732370239,7.66686457514271,4.67898525415403,3.11094960110797,20.227132609282,19.6611338099562,19.2185214610885,19.7327219198646,19.9202018323129,17.1931702317207,17.8983169002471,15.9809130065816,14.6204173404537,13.9083485401436,13.418702744366,11.5005698758348,12.9695693165554,10.3407942988087,8.41794308809054,7.44158955647812,9.97168659241047,6.4164434100485,36.6412388303895,19.1487317964861,16.9244933350261,42.5551075068038,39.7841741496015
"3",31.8748164374101,39.2333296317555,0,2.24794338829589,4.99207693174869,4.07589655855285,6.96106099821344,7.35718427223966,9.83203498353194,11.8968265572906,9.01950666984513,7.49572384879853,5.28010070212677,6.27165848273396,9.88554303480849,7.63436753177257,13.2542920199413,13.8464068454642,12.0889276994571,10.8820925996482,8.58772953500728,9.95097329097114,12.8806494621868,12.0626903777129,12.6118197439036,14.9661645172877,15.3883923745635,14.8331891300272,15.0752301922928,17.0566833315742,19.2979441394878,17.7076156401541,15.0469395266584,17.4280749785264,18.8709996107335,19.8614097762761,21.4064318686387,22.5076772916014,22.2905841300156,23.1487678088168,24.5381733608414,24.8268761890337,26.4014711185105,28.7175100950621,30.2774711459181,30.3107971728389,31.3928941446872,32.1485378821819,33.8931164142671,34.2693076474737,36.404773749196,35.4881531051806,40.1290958719449,37.4426577709189,24.9474544591889,22.5505475114824,21.4873635350283,19.9703695850838,19.3623521238061,22.307215087079,24.4648990728254,27.0514351228714,26.5010873996186,25.9755296194037,25.928295873648,27.7501991583397,29.4690311834527,29.5172966863841,32.9336620203916,32.5007033961954,35.1362175158725,35.5386626970589,2.59931041629201,26.8161561451512,23.8996133156185,18.8662376926199,11.4516605693418
"4",31.4745805498936,38.7072181792356,2.24794338829589,0,5.11982792601168,2.99313470991772,6.05324262419048,7.15238536223832,9.5756713541617,9.85322925897812,6.77200026341828,5.29455700724225,3.0905034864354,4.31998503769278,7.74156552684334,5.83510806323977,11.036722625073,11.7123558422387,10.1149794195056,9.19532855391527,7.1258844844989,8.77475492236684,11.4869407024147,11.2686294241433,12.4493851204626,13.2063334333942,13.977996372409,13.6732571015578,14.4140444624118,15.8212870375872,18.1291464506875,16.9728045579064,14.8524438458483,17.1961976357456,18.4507919934015,19.5615239825315,21.1986809115308,22.0207071119014,21.9297951800262,22.9484182490641,24.1253554695965,24.6086134117153,26.1247706817309,28.5321924065347,29.7836485488122,30.0009704931573,31.2767617477288,31.8852168789477,33.3150206899814,33.8237582762745,36.078600269206,35.3690792068363,39.8588265218096,36.7745392833794,23.5152790392316,21.3312392928665,20.4657070623704,19.169894739406,18.7879457154299,21.6043553755995,23.2852909624141,25.8819259699008,25.5254485088309,25.1940131907486,25.3138196916403,27.2922270237048,28.4274206423791,28.7845766645191,32.0834588148811,31.7936357347299,34.096014100245,34.714916063819,3.09484304044868,25.3947432266842,22.9097613386849,16.6728128083683,9.24232800897686
"5",26.8888449215173,34.2674667896193,4.99207693174869,5.11982792601168,0,2.81045539043918,3.06362238516092,2.41028964140425,4.85846293412983,13.8703122473548,9.62805466146203,9.01795519981608,5.9258761229234,5.42258115476446,8.99081472268297,5.75529331792189,12.6161444202903,12.4533725606482,10.0426966694963,7.99688778760664,5.48595219258354,5.99139925296032,9.08952171122458,7.39805110027031,7.61993225877246,11.940779488242,11.4986162953044,10.5336331843887,10.2341937073417,12.8057689025162,14.9034598348933,12.8899970851083,10.0550471616411,12.4359995092079,13.899821457064,14.8709088577913,16.4161379746049,17.5469885960595,17.3043970481786,18.1596817843478,19.5579541530242,19.8369057993401,21.4094151997738,23.7320419420363,25.3092909671856,25.3188547157408,26.4202283367949,27.1572345934256,28.9458762116304,29.288965863936,31.4128748388516,30.5164233532572,35.1381604535553,32.526077608152,20.8793050989406,18.1785216306692,16.8862120425869,15.181934357661,14.4422228068217,17.4401826586827,20.0195776754339,22.5721711340656,21.817363115452,21.1421905187056,21.0059376599787,22.7759676529524,24.8336186264746,24.6445295712637,28.1257688537055,27.6086506489027,30.477853587283,30.7076943105283,2.39429594384053,22.7078291726498,19.2455456754453,19.7021153837771,12.4839416897695
"6",28.4856682898561,35.714383181871,4.07589655855285,2.99313470991772,2.81045539043918,0,3.06956704884266,4.32787823947502,6.66563984391673,11.0622405606366,6.92032430733177,6.20890141898598,3.11993621690962,2.91878903806842,6.71059876032386,3.83293899354147,10.3232511184333,10.48357913631,8.38183953968486,6.88244541795869,4.52002585795282,5.92141941417544,8.80693339864263,8.28684751848746,9.54410722965739,10.9815868859727,11.3149504528161,10.8269112869216,11.4226420837635,13.0247330635247,15.2954291433334,13.9903061408613,11.9217969360712,14.2470043660665,15.4654350096141,16.5927191755066,18.2470873036921,19.0287176920645,18.948793627471,19.9959523515764,21.1374675809538,21.6500509900771,23.1534498815344,25.5771662261992,26.7906699979738,27.0222779873802,28.3362729345399,28.9127835374899,30.3236896119669,30.8318601579412,33.0958107514602,32.4248395683574,36.8824844055341,33.7913654750987,20.8755097118065,18.5307989529609,17.563821582867,16.2003054359592,15.7948852519179,18.6208458126925,20.4629227924388,23.0557322574631,22.6103451367123,22.2249081683001,22.323387641598,24.3005545468025,25.5401922889221,25.8084021150901,29.1330603612757,28.8144995926267,31.2109340428765,31.7589005262718,2.36169939088218,22.7459822265473,19.9978591410813,17.058192635837,9.75003173235244
"7",25.4642544574234,32.6606025921311,6.96106099821344,6.05324262419048,3.06362238516092,3.06956704884266,0,2.34345873651655,4.0118136156931,12.6575964996817,7.99657021859076,8.01262104922622,5.15850853572746,3.83942106247766,6.62240292230483,3.34325794979577,10.1271860657629,9.6849148218266,7.14442235759058,4.95891552072939,2.48183787321729,3.06471878110152,6.13404944887935,5.21752966837238,6.80559717928781,8.87748709334607,8.60294639035888,7.88221331670815,8.36440744111876,10.1233629865912,12.3411848373985,10.9214370182291,9.08654988522277,11.3512943711106,12.4649667394304,13.6400497064167,15.3325717838939,15.9956910659904,15.9584810616707,17.0757498564303,18.1226756482886,18.7134536646318,20.185141746879,22.6435579231588,23.7470744909818,24.0325380128193,25.4294307893043,25.9377167938525,27.2638128657646,27.7965130711075,30.092665569379,29.5071885373654,33.894936128266,30.72299326861,18.1044007934008,15.6003913851104,14.5392925525708,13.1319072696736,12.7459124491744,15.5524573824201,17.5063674828931,20.0912686477135,19.5714915728808,19.1563080281274,19.2616823089135,21.2677609248401,22.5209215628675,22.7388360633934,26.0709361074284,25.7451077204199,28.1905484005817,28.6941298670926,4.64405868487562,19.9579408713547,16.9629765317751,17.6458916360831,10.8220021116273
"8",24.5222984352562,31.8778019551368,7.35718427223966,7.15238536223832,2.41028964140425,4.32787823947502,2.34345873651655,0,2.47867702492655,14.8553475901269,10.2706440858573,10.108656843059,7.10039690341919,6.03151795367323,8.96228983937635,5.6863365423395,12.4394050790294,11.8921738467758,9.27484559335163,6.89317294384113,4.61536480351646,4.30998961887679,7.29270416874128,5.08422861606257,5.3157110380037,10.4892976121795,9.55505731293784,8.37521885390431,7.83044990425588,10.6398015212145,12.6499005709139,10.488244345788,7.73998309231236,10.1088503771093,11.5138361182126,12.5218339735923,14.105218283728,15.1532211042221,14.9396953672449,15.8535157889248,17.1821918505627,17.5246245896051,19.07629492922,21.4354602295583,22.9210833102611,22.9773642171417,24.1544645704184,24.8324119741689,26.5464068640856,26.9129483897496,29.0694082445375,28.2498578800684,32.8139519686834,30.1189128819904,18.7365505020573,15.9179043903085,14.5413061771077,12.7842753818849,12.0341199023052,15.0303565048894,17.7236155175507,20.2579070016107,19.4395370849944,18.7346432232045,18.5990361296313,20.3930149035424,22.4664391945152,22.2342626134646,25.7201378362897,25.1987971959832,28.1010335933149,28.299344385601,4.76349551137482,20.5394329501026,16.8789888259177,19.9892394897217,13.1167945020603
"9",22.0443918933613,29.4094743712352,9.83203498353194,9.5756713541617,4.85846293412983,6.66563984391673,4.0118136156931,2.47867702492655,0,16.5946184544925,11.8633528143307,12.0154848349992,9.15806579839214,7.82921240938788,10.0774002408267,7.04672925111845,13.264056913475,12.3547205764645,9.64891035386266,7.08401439475661,5.42945850228717,4.13760478918761,6.4475031325145,3.27745445412173,2.87885176471939,9.95643392615844,8.30861920066682,6.76564013597827,5.51963720559029,8.93719019599193,10.7272414790325,8.16959507889872,5.27912715329902,7.63805201847026,9.04230544585244,10.043969386554,11.6381589786014,12.6885941070653,12.461297625458,13.3874761670498,14.7061475320458,15.0555056334233,16.6005758135979,18.9711931037372,20.4515530241963,20.4997831888892,21.703234877964,22.3580613312259,24.088901900457,24.4373312777509,26.591385421352,25.7969077729162,30.3391930201823,27.6794309334293,16.9662714683075,13.9477277379208,12.3896274177531,10.4753297439806,9.60402645582553,12.6397763641696,15.6683432910405,18.1527679094633,17.1811649977665,16.3623627722745,16.1601885189428,17.9201444594642,20.2316254139077,19.8277257518349,23.3546156267469,22.7768537034848,25.8333102727752,25.9155713645687,7.23510659424987,18.7125631148236,14.6593661003101,21.0851340674216,14.6212329050521
"10",35.9071343779543,42.3852113301092,11.8968265572906,9.85322925897812,13.8703122473548,11.0622405606366,12.6575964996817,14.8553475901269,16.5946184544925,0,4.78635215703223,4.85379869886971,7.94453346462012,8.8324143501665,7.28583690884735,9.60404067565839,6.81730795890138,8.7980707277788,9.79155137423989,11.347085040378,11.4568027593502,13.3907288229448,14.2174809948521,16.4148640118976,19.1854838776815,13.2916233019949,15.9203941602382,16.8683429085514,19.3695691785732,18.2278316622816,20.4629964564392,21.2815259124779,21.1791438268242,23.1529526211296,23.6853474152811,25.0823375879174,26.880507556937,26.6984424239462,27.0542975928962,28.531742400083,28.9107793665664,30.0298022342403,31.261929546404,33.8587086668652,33.9423469721233,34.8280707541145,36.7217720878853,36.798174244469,36.9827607857366,37.98886296094,40.6115582189673,40.6638610387204,44.4850626544405,39.9379114475279,23.8189633793446,23.0031281145978,23.1668951648552,22.9494780222822,23.4577209944538,25.5133034546801,24.9476928691492,27.3654088765708,27.9549989991757,28.4890436061339,29.2699788883666,31.7176965274285,30.3454668050118,32.0468333810684,34.6656743359529,35.0036972187616,35.7073927554433,37.2924444368128,12.6631409737054,25.5829827000579,25.4988087121761,7.47821481218711,2.62323274974903
"11",31.3841557714355,38.0460285564583,9.01950666984513,6.77200026341828,9.62805466146203,6.92032430733177,7.99657021859076,10.2706440858573,11.8633528143307,4.78635215703223,0,1.98147742595394,3.96376316304062,4.27498086838639,2.82847094176403,4.83363908151844,4.61139099027806,5.93457931986596,5.7460619266775,6.75791547352276,6.67045331803105,8.61282573447672,9.67878321798501,11.6452313939462,14.4098012319667,9.42652358851932,11.6290499859316,12.3370280456762,14.6441495160423,13.9026976743573,16.2146140457311,16.6566620092833,16.3932017401513,18.3821624520736,18.9714778832903,20.3503511588121,22.1434688349849,22.0765357371473,22.3754678770936,23.8109260015719,24.2893214739369,25.3325864997179,26.6051589258213,29.1889855395552,29.4591162624387,30.2333777122348,32.047354246939,32.1987004560039,32.6183441995295,33.5265683458397,36.0913431371914,36.0213434777417,39.9615648359751,35.7074069664946,20.2672037125857,18.9902178702504,18.883461769368,18.43446176965,18.8079878692225,21.0069446839768,20.9737503938777,23.4833193811706,23.8111042685652,24.140485654343,24.7916258460216,27.17206416054,26.3717843760515,27.7391091571077,30.5485261189338,30.7310356055516,31.8775065242491,33.1960429857558,8.94101550466296,22.1062562440046,21.2804255682012,10.1534557937559,2.86666308051212
"12",32.4325711570533,39.2540162404313,7.49572384879853,5.29455700724225,9.01795519981608,6.20890141898598,8.01262104922622,10.108656843059,12.0154848349992,4.85379869886971,1.98147742595394,0,3.09400070834122,4.19021971338933,4.45508998994788,5.32994816530783,6.58265523725711,7.89394847642417,7.43089345487069,7.97365908635003,7.27671531676882,9.29922230959496,10.8733468917573,12.3278419158944,14.7333445308794,11.0901589841272,13.0164222798089,13.4930671246316,15.4494544581614,15.2337845777606,17.5793511368184,17.6407815197963,16.8770481093978,18.9960189075897,19.7718341837979,21.0961964960487,22.8661328183888,23.0304068782356,23.2319663427076,24.5701706561775,25.233874325921,26.1400115481023,27.4845955365593,30.0375904795189,30.5559145519563,31.1961030412855,32.8799735309923,33.1497648120561,33.8171502882891,34.6339199653439,37.132077038636,36.9002059028894,40.991564817057,37.0014321505999,21.9449411706251,20.4779341829891,20.2023508614531,19.547533052531,19.7363312663574,22.113464041935,22.4703548575999,25.0132338607553,25.197989118649,25.3801939346818,25.909767952279,28.2067642995398,27.8453043551648,28.9975707378044,31.9285701490119,32.0068093479687,33.4048889336612,34.581833751834,7.88223730804119,23.8007694297729,22.6310860805638,11.3785511501071,3.95618225192902
"13",30.2767762291957,37.3022049122626,5.28010070212677,3.0905034864354,5.9258761229234,3.11993621690962,5.15850853572746,7.10039690341919,9.15806579839214,7.94453346462012,3.96376316304062,3.09400070834122,0,1.73549399296953,4.65663346639822,3.33751016614387,7.97664681986973,8.62685607125392,7.16144327660576,6.6501338806482,5.10028336231436,7.05669352495108,9.28207358001378,9.95036583671918,11.9628879638968,10.4655806811991,11.6774619774693,11.7260661319001,13.1414210255692,13.7165155496299,16.0708751408564,15.522405786972,14.2140605908303,16.4313807318765,17.3960699142999,18.6471628436885,20.3785908203043,20.808614761447,20.8894517245462,22.1096856496363,22.9831953468844,23.7222756935017,25.1411252928212,27.6462124303378,28.4756526621121,28.9348763431983,30.4596095248314,30.8660186434001,31.8717702064888,32.5501369992743,34.9483252016251,34.5186829031227,38.7825049926917,35.1963887592953,21.0698502962996,19.1659112658384,18.5655866003685,17.5840385448079,17.5154544745906,20.1092966767019,21.1507747907246,23.7388386572174,23.6290380266731,23.5512051064467,23.8889493963715,26.0539456680353,26.4255535274732,27.1729158132992,30.2991190912231,30.1935458860498,32.0648554159138,32.9496370437707,4.98160151150079,22.9504706159288,21.0208675920358,14.1019593075889,6.70970486389046
"14",28.6000041344266,35.5927509078334,6.27165848273396,4.31998503769278,5.42258115476446,2.91878903806842,3.83942106247766,6.03151795367323,7.82921240938788,8.8324143501665,4.27498086838639,4.19021971338933,1.73549399296953,0,3.80854775396076,1.61983180583072,7.40681267212453,7.66905435327866,5.82334865030901,4.98230139796437,3.37820618003774,5.36169092461319,7.55322789706099,8.30859271256934,10.5469863950163,8.9102074561688,9.96494167347239,9.9910516996884,11.4864275501104,11.9851895991895,14.3382635872845,13.8267050756243,12.7202262482504,14.8835846098705,15.7698167268937,17.0495390561613,18.7986519671041,19.1411642489112,19.2559996859599,20.5198726171973,21.3248666724535,22.1170425221774,23.5112375375084,26.0338456059627,26.7832266731213,27.2829561979136,28.859070376348,29.2212011391787,30.1600893211924,30.8599455538909,33.2795085200953,32.9058300824286,37.120813193141,33.4711737660527,19.4000121645283,17.4431285392193,16.8301354642052,15.8673183299864,15.8443140529895,18.399869363621,19.425901080004,22.0158342163521,21.8935694728419,21.8248805295139,22.1844087413479,24.3744797632628,24.6929819698946,25.4474401914178,28.5644719168388,28.4679592973378,30.3347398960289,31.2152529067325,5.22549846653073,21.2815628711852,19.2853899987101,14.2802950742125,7.14051935656352
"15",28.6551160163974,35.2517066770489,9.88554303480849,7.74156552684334,8.99081472268297,6.71059876032386,6.62240292230483,8.96228983937635,10.0774002408267,7.28583690884735,2.82847094176403,4.45508998994788,4.65663346639822,3.80854775396076,0,3.30501414166681,3.63342674479201,3.97084939755207,2.9768378987729,4.06143854728778,4.65004094313514,6.34972873076475,6.94347995627752,9.28332241084279,12.3566016026443,6.64752377852015,8.80929282670341,9.60115884935042,12.1267761239127,11.0918887176516,13.3941668215716,13.9958326760391,14.1424270308811,15.99052930738,16.4244622219656,17.8369990516002,19.6390856614384,19.4135622895894,19.7735124163203,21.2722734405437,21.6262052956157,22.7547376955797,23.9765537448207,26.5746445559272,26.7100714792358,27.5493638670707,29.4382284184069,29.5185861643593,29.8289128002698,30.7698707497181,33.3619755919368,33.3782032722019,37.2346495366679,32.8924979500639,17.5037931789603,16.1633097301383,16.0699843378298,15.6953595463787,16.1724898284347,18.2650439683828,18.1480098114418,20.6629388498768,20.9850506266272,21.3435450511184,22.0384924670649,24.4545432913488,23.5446387905907,24.9347847152948,27.7222293295757,27.9212855149715,29.0579397534443,30.3690962270487,9.03387306153204,19.3545978122827,18.4595687561883,11.052933719702,4.85726503515217
"16",27.1695275807982,34.0962358916864,7.63436753177257,5.83510806323977,5.75529331792189,3.83293899354147,3.34325794979577,5.6863365423395,7.04672925111845,9.60404067565839,4.83363908151844,5.32994816530783,3.33751016614387,1.61983180583072,3.30501414166681,0,6.88745803536493,6.74144047018992,4.54913031914365,3.3792708895007,1.94703352278512,3.9711108553288,5.94567183102158,6.99839433478476,9.58144320387105,7.37528688569346,8.34597206671218,8.42276024861683,10.1257923260124,10.3816753396971,12.7376560782782,12.3756889743651,11.6173204333967,13.6861284312964,14.4439007280753,15.7665241013482,17.5382917852837,17.7362774985861,17.9097165064253,19.2404323384739,19.9331748745271,20.8109164944525,22.1642162705773,24.7113810841918,25.3246256943043,25.8961701480866,27.5516443429078,27.8446135123948,28.6601209717516,29.4036575452255,31.8605797482594,31.5765996390493,35.7123178559145,31.9365657981433,17.7860550585487,15.8289130838004,15.2510179454862,14.3635168590897,14.4384981818508,16.9114271510087,17.8133475499465,20.4018252287861,20.308815948752,20.2899665804536,20.7038761093616,22.9419646774426,23.0916541003576,23.9138705773523,26.9932005426793,26.9332611394766,28.7283303518964,29.6455978722265,6.18547779088628,19.6677026964798,17.7046792954186,14.3029896383576,7.57604966612287
"17",29.8491590037474,36.004688974319,13.2542920199413,11.036722625073,12.6161444202903,10.3232511184333,10.1271860657629,12.4394050790294,13.264056913475,6.81730795890138,4.61139099027806,6.58265523725711,7.97664681986973,7.40681267212453,3.63342674479201,6.88745803536493,0,2.02486125923197,3.98690314646304,6.4085701632648,7.91444556932779,9.24348166002084,8.74159209673546,11.860503468064,15.2387156168763,6.82210812906364,9.81725807952852,11.1910521950763,14.28731356797,12.0853040856879,14.1551623341346,15.697357028128,16.7294446323676,18.304576743516,18.3953932963193,19.8616234271805,21.654439933241,20.9851385753603,21.5338857506059,23.1814338552491,23.163405515685,24.5418596624808,25.5995569634411,28.2153187580724,27.8211544321901,28.943877213672,31.0705370176378,30.9115573138086,30.6568173513015,31.8050810662642,34.5205387388293,34.8757035852707,38.3830439685465,33.4476819460669,17.0300194156349,16.4275040551113,16.8554686384401,17.0302373444326,17.9000005152216,19.5285085725166,18.3281287792503,20.678528887673,21.4434445141301,22.1999726894191,23.1810095111592,25.7419815629547,23.6956727322864,25.6770984430419,28.0962029244852,28.5767778196285,28.972147998036,30.6982270287834,12.6219010283488,18.7775612404314,19.0816205651394,7.94208435532225,4.28185618259723
"18",27.9139290146932,34.0051912011895,13.8464068454642,11.7123558422387,12.4533725606482,10.48357913631,9.6849148218266,11.8921738467758,12.3547205764645,8.7980707277788,5.93457931986596,7.89394847642417,8.62685607125392,7.66905435327866,3.97084939755207,6.74144047018992,2.02486125923197,0,2.70698087331437,5.28015679225268,7.27684007606238,8.22714168483754,7.16996996494352,10.548453162832,14.0493829455022,4.86289317863341,7.9545362912351,9.4647138564676,12.7194145775895,10.1837375203402,12.1946025357633,13.9415460835437,15.3367408581688,16.7580695180118,16.7077664484192,18.1833963581331,19.9621517659831,19.156341160779,19.7567128064241,21.4445260802851,21.3170548358943,22.7605006931673,23.767870631899,26.3814861855485,25.8748084666403,27.0493332061033,29.2284727729593,29.0133164010776,28.6683545461926,29.8419843925406,32.5737470567857,32.994727608717,36.4312739437791,31.4342145196186,15.0245324992609,14.4098987820962,14.8860458720006,15.1627142512859,16.133901331687,17.6321258951988,16.3055260470063,18.6538340028644,19.4312828003517,20.2258226555583,21.2491152163913,23.8316426590602,21.6710262797844,23.6843230205105,26.0757027680555,26.5731948499824,26.9519378360556,28.6755982758274,12.8415517057944,16.7850030604284,17.0865109070606,9.4468374894043,6.21669474142103
"19",26.1889147392845,32.5937623516616,12.0889276994571,10.1149794195056,10.0426966694963,8.38183953968486,7.14442235759058,9.27484559335163,9.64891035386266,9.79155137423989,5.7460619266775,7.43089345487069,7.16144327660576,5.82334865030901,2.9768378987729,4.54913031914365,3.98690314646304,2.70698087331437,0,2.57421059794012,4.68108065066356,5.52017406845487,4.76932963242841,7.92421347168039,11.3804315283416,3.68122898107327,6.13900892996404,7.29097420670644,10.3028636906551,8.44758642681608,10.6718309443523,11.7969289864685,12.7679709954038,14.3177066059511,14.4417581321441,15.9017097975267,17.6990537038138,17.1460951071856,17.6366551534342,19.2498407931823,19.3426880735157,20.6434129061587,21.7538928114823,24.3682253741253,24.1981306846213,25.1914854464479,27.2303745038895,27.1629882140557,27.1937677913496,28.2283658020172,30.8845831872248,31.0897591167999,34.7566066538874,30.1581677013632,14.5322947621403,13.2994571297235,13.3753555102607,13.2672055821967,14.0013544063808,15.8084472142917,15.2719149843022,17.7590665376052,18.1945560111528,18.7007062026078,19.5309749669294,22.0299455367717,20.6765690125616,22.2553117730776,24.9217347717151,25.2149991773591,26.1490728694876,27.5597015660708,10.7302682471651,16.3800566141437,15.7146538814085,11.9007310108795,7.19494011952896
"20",24.6276945671071,31.318304634622,10.8820925996482,9.19532855391527,7.99688778760664,6.88244541795869,4.95891552072939,6.89317294384113,7.08401439475661,11.347085040378,6.75791547352276,7.97365908635003,6.6501338806482,4.98230139796437,4.06143854728778,3.3792708895007,6.4085701632648,5.28015679225268,2.57421059794012,0,2.51881458533269,2.94904948596106,2.92463848920169,5.46468201695905,8.8420450538109,4.09927993043232,5.09097903037855,5.57982666038687,8.11320649319343,7.26453826230638,9.61652310889832,9.93551887305416,10.3494634289411,12.0482635507495,12.3835861820196,13.8091056321495,15.6127571591227,15.3546055199473,15.7146059428783,17.229596566283,17.5675910691558,18.699576115984,19.9151166177478,22.5135997615385,22.7015947372378,23.4970278563158,25.3773883377038,25.4651565149216,25.8853133390578,26.7702348810253,29.3350189563025,29.3176733638396,33.205946701833,29.0326047959191,14.422292346013,12.5961931072152,12.2287369839818,11.6766045129812,12.1110834770063,14.2491303711142,14.5891564505178,17.1616438319699,17.2340632764963,17.4248248999382,18.0351477638209,20.4184016337797,19.9270610113246,21.0366139406011,23.9597146048256,24.041418810396,25.5282448154448,26.6135767688208,9.10675639319202,16.303469999739,14.6597965304958,14.3493650611595,8.89221287348213
"21",25.2473324381253,32.2156713051243,8.58772953500728,7.1258844844989,5.48595219258354,4.52002585795282,2.48183787321729,4.61536480351646,5.42945850228717,11.4568027593502,6.67045331803105,7.27671531676882,5.10028336231436,3.37820618003774,4.65004094313514,1.94703352278512,7.91444556932779,7.27684007606238,4.68108065066356,2.51881458533269,0,2.02490746114837,4.3610593734852,5.05325881130718,7.77481454929703,6.55977647727966,6.85614893081117,6.65418883542107,8.18075261799556,8.72703869034226,11.0604696610992,10.4608909927898,9.72423777077292,11.7558468873361,12.4970528039343,13.8205643672005,15.5941547456718,15.8031688046613,15.964600213608,17.2943321233128,17.9966286925417,18.863883535683,20.2195818087657,22.7648576944237,23.4165536314626,23.9590817965604,25.6046713047406,25.9053137230031,26.7824654315706,27.4945610095723,29.9340571670074,29.6307243904162,33.782292177518,30.0961810717586,16.4083492682264,14.2271592786564,13.4966094946163,12.4891207559816,12.5048520957976,15.0233392168654,16.1936081988945,18.7898995054054,18.5654678653734,18.4509368559962,18.8099429748953,21.0202119345753,21.403102622381,22.0726584378233,25.2141984643678,25.0932840792816,27.0599433555298,27.8626203016867,6.64629770933646,18.2850514029108,15.9521940279253,15.6646768230653,9.30200506552991
"22",23.2396034393801,30.2470541011049,9.95097329097114,8.77475492236684,5.99139925296032,5.92141941417544,3.06471878110152,4.30998961887679,4.13760478918761,13.3907288229448,8.61282573447672,9.29922230959496,7.05669352495108,5.36169092461319,6.34972873076475,3.9711108553288,9.24348166002084,8.22714168483754,5.52017406845487,2.94904948596106,2.02490746114837,0,3.09842923851756,3.04287722726093,6.03626402094108,6.18256228796439,5.54148202360123,4.90836999752854,6.15596551494949,7.10746972627834,9.37552752388691,8.46699729684282,7.812141754735,9.77152380135237,10.4729654321996,11.8025708584054,13.5805809011346,13.7868246291319,13.9397360488768,15.2756253817089,15.9770561225551,16.8407994511449,18.1948125513395,20.7402732032878,21.4226836935236,21.938736078061,23.5809408678356,23.8833236843053,24.8183613619034,25.4988484960941,27.9220392853765,27.6058473223125,31.7671208345385,28.1693635706747,15.0440404160733,12.6100647499372,11.6944312838236,10.5411495668993,10.4887097622831,13.0553047134233,14.5421810841663,17.1358153516988,16.758928148318,16.5345464695634,16.8324374707816,19.0135413582202,19.6526998418854,20.14996131172,23.3565605921034,23.1696273542702,25.3215769470653,25.998183588531,7.70568613734912,16.9010239314424,14.1424499418027,17.1480354618384,11.1442788744433
"23",21.7148121166953,28.3967129511638,12.8806494621868,11.4869407024147,9.08952171122458,8.80693339864263,6.13404944887935,7.29270416874128,6.4475031325145,14.2174809948521,9.67878321798501,10.8733468917573,9.28207358001378,7.55322789706099,6.94347995627752,5.94567183102158,8.74159209673546,7.16996996494352,4.76932963242841,2.92463848920169,4.3610593734852,3.09842923851756,0,3.68688202775692,7.26497733067726,3.56074728291446,2.5080336871814,2.65989816053194,5.55832293033635,4.43732435919839,6.79540299519775,7.08982199458698,8.22385475020806,9.59271151406138,9.67560186801499,11.1330515961661,12.9314667851533,12.491236371095,12.9134789762641,14.4947375623962,14.7011633407488,15.9144741199778,17.0765819149581,19.6843519977151,19.7809012201648,20.6105924411211,22.5492305939881,22.5807792643147,22.9627642409881,23.847791628893,26.4220669183052,26.4586179023749,30.2941108993021,26.1288716372074,12.0691374000826,9.89584786690637,9.35131669526218,8.75798726639434,9.28618742533723,11.3298830403607,11.8747713206204,14.4669805560055,14.3884604563671,14.5090359983875,15.1128472874824,17.5113981658361,17.1472172525715,18.1246661174211,21.096738166662,21.1334803666166,22.7828185794579,23.7509617882916,10.7461225384806,13.9413729697623,11.7960487350164,16.5926844814176,11.7126298537928
"24",20.3429174269153,27.4682245222558,12.0626903777129,11.2686294241433,7.39805110027031,8.28684751848746,5.21752966837238,5.08422861606257,3.27745445412173,16.4148640118976,11.6452313939462,12.3278419158944,9.95036583671918,8.30859271256934,9.28332241084279,6.99839433478476,11.860503468064,10.548453162832,7.92421347168039,5.46468201695905,5.05325881130718,3.04287722726093,3.68688202775692,0,3.58461843041008,7.22680781443619,5.12000089557637,3.48849625587852,3.19588924123777,5.67476659643788,7.5766881788061,5.70423322897588,4.88907221631677,6.73814888947079,7.4627001819102,8.768389391082,10.5410253896913,10.8676717900651,10.9474700013776,12.2424044406271,13.0342246004088,13.8202298431348,15.2026474769894,17.7302500610627,18.579385288286,18.9845319274005,20.5627943757417,20.9173052566726,22.0610904179325,22.6430055452721,25.0039679398399,24.6008050216725,28.8335341409502,25.5060114688084,13.7413794099363,10.8383991064095,9.49020809386187,7.9238156077854,7.58453379218888,10.3357265255839,12.6401667518036,15.1804548845082,14.4541345634675,13.9454344017769,14.0574627061086,16.1273196301334,17.4508693014484,17.5222753406606,20.8796110793286,20.527652075009,23.1063923394292,23.4944643242924,9.57213173766838,15.5145276517843,11.8659451714567,19.8019919796416,14.1218984725923
"25",19.2913994222283,26.7190084832555,12.6118197439036,12.4493851204626,7.61993225877246,9.54410722965739,6.80559717928781,5.3157110380037,2.87885176471939,19.1854838776815,14.4098012319667,14.7333445308794,11.9628879638968,10.5469863950163,12.3566016026443,9.58144320387105,15.2387156168763,14.0493829455022,11.3804315283416,8.8420450538109,7.77481454929703,6.03626402094108,7.26497733067726,3.58461843041008,0,10.7810690521103,8.37286707878118,6.45513405190731,3.78774829248715,8.22512947985712,9.49652408797687,6.1594051229843,2.43512236876812,4.81711125846653,6.39591359318548,7.26362228108923,8.79885767417989,10.0549173066407,9.71437864778716,10.5448498744251,11.9867117075861,12.2197781783141,13.7898602029239,16.1236733435785,17.7653946901798,17.7009396845914,18.8388907959925,19.5376368126554,21.4518290321462,21.706536116484,23.7950152297924,22.9341756248249,27.5188880198226,25.1001531728855,15.8035021857482,12.5075050982849,10.6308883283488,8.39739282336069,7.16246624017123,10.2830857830514,14.0277339203555,16.3768392548793,15.1029213741995,14.0177751093507,13.6159689021378,15.2184803912648,18.1749220890896,17.3676014543901,20.987696614502,20.2616166361887,23.6745736135184,23.4949656188936,10.0140345529148,17.4239041493209,12.7016334238375,23.1667477505259,17.0767878391359
"26",23.051129909946,29.1980918451324,14.9661645172877,13.2063334333942,11.940779488242,10.9815868859727,8.87748709334607,10.4892976121795,9.95643392615844,13.2916233019949,9.42652358851932,11.0901589841272,10.4655806811991,8.9102074561688,6.64752377852015,7.37528688569346,6.82210812906364,4.86289317863341,3.68122898107327,4.09927993043232,6.55977647727966,6.18256228796439,3.56074728291446,7.22680781443619,10.7810690521103,0,3.22325729419679,5.02874660813812,8.54496768489003,5.35051536214886,7.33554908377273,9.31335860897878,11.4956065864036,12.520613452919,12.1770057856067,13.6549555902237,15.3932795199623,14.3789224788383,15.0489762874265,16.7919093485011,16.5145142671849,18.0364772482746,18.9778397237651,21.5857676727026,21.0124615617361,22.2010466604019,24.4216576115973,24.1623729384061,23.8389561617246,24.9856929583555,27.7116299249506,28.1533813989857,31.570378500887,26.6790174876044,10.8566140953293,9.71155172485359,10.0335323923399,10.3498052003724,11.4647593940536,12.7877290478543,11.6618367046636,14.1148406226347,14.67953982507,15.377867522155,16.3869005419785,18.9758603592205,17.0648617414488,18.8637953332367,21.3769576706538,21.7797048250636,22.4949967828903,24.0011707848592,13.1946101567195,12.7106172945126,12.2740496583519,14.1085186724703,10.6691860432655
"27",20.0695854027595,26.4723287100202,15.3883923745635,13.977996372409,11.4986162953044,11.3149504528161,8.60294639035888,9.55505731293784,8.30861920066682,15.9203941602382,11.6290499859316,13.0164222798089,11.6774619774693,9.96494167347239,8.80929282670341,8.34597206671218,9.81725807952852,7.9545362912351,6.13900892996404,5.09097903037855,6.85614893081117,5.54148202360123,2.5080336871814,5.12000089557637,8.37286707878118,3.22325729419679,0,2.01155128814296,5.54999522498425,2.30866522833971,4.58556450396074,6.09065504089717,8.63854921684764,9.41305796978067,8.96432012152933,10.4403965452327,12.1719841386586,11.2034734284071,11.8382031330707,13.5710101617716,13.3629305351263,14.8325808673074,15.8137147314408,18.4270262446412,18.0667773008928,19.1277177552386,21.2742742858048,21.0962329117333,21.0634206264452,22.0907776992965,24.7586484742244,25.0588857306334,28.6289336239506,24.0840498585958,9.56128554536379,7.50658116972946,7.26517996361779,7.21488917197718,8.24374307182,9.7155307026455,9.49886280148501,12.0752677804434,12.1919410976712,12.5696719093519,13.4047980800047,15.9348254628203,14.8406821147754,16.1409937870144,18.9284739114002,19.1180014964958,20.4372868938755,21.579183652167,13.2334407141697,11.4343116680116,9.65137559393567,17.3080921016231,13.3325566248572
"28",19.0551818389277,25.7616361360284,14.8331891300272,13.6732571015578,10.5336331843887,10.8269112869216,7.88221331670815,8.37521885390431,6.76564013597827,16.8683429085514,12.3370280456762,13.4930671246316,11.7260661319001,9.9910516996884,9.60115884935042,8.42276024861683,11.1910521950763,9.4647138564676,7.29097420670644,5.57982666038687,6.65418883542107,4.90836999752854,2.65989816053194,3.48849625587852,6.45513405190731,5.02874660813812,2.01155128814296,0,3.55566113060896,2.27251194807426,4.46871527855529,4.50926339344017,6.62740367954073,7.4924123962402,7.24539703108487,8.72294732749867,10.4976699418062,9.86694491528355,10.349455717595,11.9932631008976,12.0714250854091,13.3573073462248,14.4679757655462,17.0809052251509,17.1220891574126,17.9632226068294,19.9443053986682,19.9342630544117,20.3253521047026,21.1904320237783,23.7623817085698,23.8281624766499,27.6345753685676,23.5329486250734,10.3636132547761,7.71852030228513,6.84310448587766,6.0982150388033,6.71374054338005,8.67033172348634,9.63679127664919,12.2288461049229,11.9113977837895,11.8946485390564,12.4553476984418,14.8535816083293,14.7631213985936,15.5165421408021,18.5737657348839,18.531929885397,20.4278218891831,21.2251354627079,12.5001637089757,12.1784098369069,9.29887791657963,18.9044905805743,14.3480975350986
"29",17.1471229546623,24.296373509236,15.0752301922928,14.4140444624118,10.2341937073417,11.4226420837635,8.36440744111876,7.83044990425588,5.51963720559029,19.3695691785732,14.6441495160423,15.4494544581614,13.1414210255692,11.4864275501104,12.1267761239127,10.1257923260124,14.28731356797,12.7194145775895,10.3028636906551,8.11320649319343,8.18075261799556,6.15596551494949,5.55832293033635,3.19588924123777,3.78774829248715,8.54496768489003,5.54999522498425,3.55566113060896,0,4.71053677258955,5.71965620127963,2.65906259982228,3.1467851270562,4.03952772400435,4.33120822449438,5.71313442033098,7.51338538159732,7.67180277398885,7.78394159759261,9.16688759356476,9.84189085905326,10.700850671781,12.0388473330777,14.5885898795517,15.391902767759,15.7969530787878,17.4346080741618,17.7351465719097,18.901078282709,19.4515165057583,21.8089762815013,21.4512004437259,25.6410925271198,22.3877037884781,12.0185421404111,8.72937681957246,6.94458433321385,4.96137739905201,4.39144350330293,7.23243580008493,10.3035917055522,12.7182194257742,11.6618777674949,10.9117894419239,10.9013245057357,12.9326384526782,14.7151291025567,14.4421563635598,17.8917763856446,17.4298670351969,20.3140118915341,20.47866729427,12.5257383509854,13.6375718380794,9.1522653281296,22.1506310326824,16.9825497101104
"30",17.7744057407614,24.1705419057337,17.0566833315742,15.8212870375872,12.8057689025162,13.0247330635247,10.1233629865912,10.6398015212145,8.93719019599193,18.2278316622816,13.9026976743573,15.2337845777606,13.7165155496299,11.9851895991895,11.0918887176516,10.3816753396971,12.0853040856879,10.1837375203402,8.44758642681608,7.26453826230638,8.72703869034226,7.10746972627834,4.43732435919839,5.67476659643788,8.22512947985712,5.35051536214886,2.30866522833971,2.27251194807426,4.71053677258955,0,2.35936601968125,4.2849725468536,7.82583360417585,8.04144767587146,7.20353577439039,8.6418399945061,10.289552278383,9.04606381855875,9.77749311258206,11.5704260098373,11.1668202917794,12.7378893838914,13.6337445160653,16.2387742289132,15.764234655202,16.8663736397769,19.0717901791823,18.8315879017559,18.7580144476035,19.7836508288247,22.4587765966983,22.8113495192138,26.3277474152528,21.8050933105439,8.09684099745719,5.51107702080163,4.98137665702608,5.00178861508109,6.28277116650312,7.4487819757601,7.46741027414303,10.0641366377104,9.97036617833263,10.2648229802545,11.1069943343222,13.6568505275672,12.7101137858267,13.8445129695447,16.6955193200953,16.8295781333353,18.3500087424996,19.3492318065463,14.7540747283387,9.90637929757852,7.39756307880233,19.4459897396211,15.6411929592476
"31",15.7337201028526,21.9243632485516,19.2979441394878,18.1291464506875,14.9034598348933,15.2954291433334,12.3411848373985,12.6499005709139,10.7272414790325,20.4629964564392,16.2146140457311,17.5793511368184,16.0708751408564,14.3382635872845,13.3941668215716,12.7376560782782,14.1551623341346,12.1946025357633,10.6718309443523,9.61652310889832,11.0604696610992,9.37552752388691,6.79540299519775,7.5766881788061,9.49652408797687,7.33554908377273,4.58556450396074,4.46871527855529,5.71965620127963,2.35936601968125,0,4.08112524689148,8.50854840172908,8.03846585243833,6.66678297819988,7.9371672987471,9.35648999929685,7.56027913261623,8.50318729146873,10.3703655454512,9.52194598625328,11.314635991413,11.9952635062704,14.5533819102453,13.6836613416689,14.9675537073461,17.3317304943722,16.9129019227957,16.5352559357353,17.6503131727679,20.3811485315519,20.9337256984941,24.2368280967368,19.5024847955642,6.31461473133863,3.2752706577667,2.70893979956967,3.59418978549412,5.44049111489801,5.6514517651709,5.16824223803952,7.76036838042563,7.61879414319827,8.05280942581389,9.08406736828951,11.7148168359401,10.3547349555832,11.5843740828885,14.3506231613492,14.5455816048249,16.0018797723397,17.0031809747633,16.9401236199224,7.99890285950693,5.0658119871221,21.2472278178539,17.8598611417415
"32",14.7958409120833,21.7942016364227,17.7076156401541,16.9728045579064,12.8899970851083,13.9903061408613,10.9214370182291,10.488244345788,8.16959507889872,21.2815259124779,16.6566620092833,17.6407815197963,15.522405786972,13.8267050756243,13.9958326760391,12.3756889743651,15.697357028128,13.9415460835437,11.7969289864685,9.93551887305416,10.4608909927898,8.46699729684282,7.08982199458698,5.70423322897588,6.1594051229843,9.31335860897878,6.09065504089717,4.50926339344017,2.65906259982228,4.2849725468536,4.08112524689148,0,4.62529887465505,3.97024953040569,2.92184495818359,4.37696575225215,6.08295198201124,5.42090882943688,5.84037297374356,7.50399515954904,7.63413993486822,8.84808097185846,9.98784580852282,12.594556348061,12.9566317313309,13.5786033089117,15.4594511549247,15.542467959042,16.3747972571758,17.0339934599542,19.4920371209966,19.3823705962439,23.350833356528,19.8017789504024,10.0377042363577,6.56299016376379,4.50039307579388,2.30577725707007,2.20464101615728,4.63172246079133,7.9152463629378,10.2193227711217,9.02530813744528,8.26806151841969,8.37550616444516,10.5685490608029,12.0879185387379,11.8239613921536,15.238995145132,14.8252326552314,17.6668521272194,17.8332314909753,15.1698306227555,11.502975824942,6.55759178456249,23.3592957377207,18.7981729980294
"33",16.8670344212133,24.3149628133377,15.0469395266584,14.8524438458483,10.0550471616411,11.9217969360712,9.08654988522277,7.73998309231236,5.27912715329902,21.1791438268242,16.3932017401513,16.8770481093978,14.2140605908303,12.7202262482504,14.1424270308811,11.6173204333967,16.7294446323676,15.3367408581688,12.7679709954038,10.3494634289411,9.72423777077292,7.812141754735,8.22385475020806,4.88907221631677,2.43512236876812,11.4956065864036,8.63854921684764,6.62740367954073,3.1467851270562,7.82583360417585,8.50854840172908,4.62529887465505,0,2.38337778449704,4.08661223216161,4.8400938328509,6.36627990760884,7.71149386857352,7.30089042129629,8.11382195884589,9.58220010912816,9.78678409348402,11.3548728183319,13.6955142536137,15.3690611200197,15.2666769135517,16.4245928571889,17.1027828396272,19.0763489935629,19.2887452865457,21.3606711733667,20.5178824989364,25.084184841694,22.7521562323079,14.647461768355,11.1880900238545,9.0768484214075,6.61873677377469,5.0481255314554,8.17036977452214,12.4870359383804,14.6771541907937,13.1622067964122,11.867944508455,11.316311117572,12.817638772393,16.2219402003635,15.1107496541471,18.7834261963947,17.9593093137803,21.6117734602504,21.247177913092,12.4491176719149,16.1280814330486,10.9039987560526,24.6655065678539,18.9560410328267
"34",14.4874885597347,21.9504826735199,17.4280749785264,17.1961976357456,12.4359995092079,14.2470043660665,11.3512943711106,10.1088503771093,7.63805201847026,23.1529526211296,18.3821624520736,18.9960189075897,16.4313807318765,14.8835846098705,15.99052930738,13.6861284312964,18.304576743516,16.7580695180118,14.3177066059511,12.0482635507495,11.7558468873361,9.77152380135237,9.59271151406138,6.73814888947079,4.81711125846653,12.520613452919,9.41305796978067,7.4924123962402,4.03952772400435,8.04144767587146,8.03846585243833,3.97024953040569,2.38337778449704,0,2.0352601585709,2.46873000746819,4.00256832344,5.44929751233179,4.93732380263488,5.75236525713813,7.22540471056405,7.41752430887006,8.97349525731191,11.3365001953568,13.0149576133787,12.8838312405157,14.0903776383445,14.7250546456492,16.7405813146505,16.9137722750075,18.9779040935817,18.1778380570314,22.7067964171811,20.4412792483471,13.7315113761883,10.1891957374116,7.88688188181091,5.29306906668753,3.32301552959428,6.25119081326877,11.1860308470939,13.1437858654678,11.3643381008197,9.82528751660538,9.08571086875922,10.460933166389,14.3739669804037,12.9136395242754,16.6330973054444,15.7024088441428,19.6079205945536,19.0429460775065,14.829673938708,15.0281917695978,9.33155618724438,26.1847613013339,20.8420905643924
"35",13.0291224760201,20.3677527449214,18.8709996107335,18.4507919934015,13.899821457064,15.4654350096141,12.4649667394304,11.5138361182126,9.04230544585244,23.6853474152811,18.9714778832903,19.7718341837979,17.3960699142999,15.7698167268937,16.4244622219656,14.4439007280753,18.3953932963193,16.7077664484192,14.4417581321441,12.3835861820196,12.4970528039343,10.4729654321996,9.67560186801499,7.4627001819102,6.39591359318548,12.1770057856067,8.96432012152933,7.24539703108487,4.33120822449438,7.20353577439039,6.66678297819988,2.92184495818359,4.08661223216161,2.0352601585709,0,1.47949818147614,3.25908312144663,3.66110664858571,3.49718109330244,4.84783779233608,5.67895061187998,6.37048150674073,7.74505722539718,10.2689285289332,11.4094719097159,11.5679544177573,13.1081611611689,13.4807269908405,15.0658642770086,15.4031128678551,17.6313213097381,17.1383305383194,21.4301873243817,18.7042408187126,11.9550871466825,8.41347446684135,6.05595841340053,3.48076382026752,1.3903645298876,4.2186483260448,9.2593782771398,11.1379649469336,9.3290780702706,7.83229339535636,7.23432965047185,8.87930774750676,12.3414976231467,11.0242864260941,14.7058372469913,13.880326910919,17.6087542176278,17.1607874075194,16.2762084848512,13.157598926389,7.32939651822775,26.1497769255159,21.2732043451552
"36",12.0281760876767,19.4818446502911,19.8614097762761,19.5615239825315,14.8709088577913,16.5927191755066,13.6400497064167,12.5218339735923,10.043969386554,25.0823375879174,20.3503511588121,21.0961964960487,18.6471628436885,17.0495390561613,17.8369990516002,15.7665241013482,19.8616234271805,18.1833963581331,15.9017097975267,13.8091056321495,13.8205643672005,11.8025708584054,11.1330515961661,8.768389391082,7.26362228108923,13.6549555902237,10.4403965452327,8.72294732749867,5.71313442033098,8.6418399945061,7.9371672987471,4.37696575225215,4.8400938328509,2.46873000746819,1.47949818147614,0,1.80376889804149,3.10970347287875,2.4692467467511,3.47404030500055,4.75853882942047,5.07721198765406,6.56379767535034,9.0059634953218,10.5475815131589,10.4558963822278,11.8126775963493,12.3244363247012,14.2795862224935,14.4488104355535,16.5475843292404,15.8754397124798,20.3019316542886,17.9928579408124,12.8363621084885,9.33587036575843,6.95554338687639,4.51465639538348,2.49685578324637,4.43745027611229,9.93101253543233,11.5575869820142,9.50232712707217,7.69177041376792,6.73243272779507,7.99321978555168,12.4045218985051,10.5729307130866,14.3246921129938,13.2978906189078,17.4345363745952,16.6785912477276,17.2621054095593,13.8951439649804,7.81884214380661,27.626669345794,22.6909406630078
"37",10.6216054553394,18.1581117000655,21.4064318686387,21.1986809115308,16.4161379746049,18.2470873036921,15.3325717838939,14.105218283728,11.6381589786014,26.880507556937,22.1434688349849,22.8661328183888,20.3785908203043,18.7986519671041,19.6390856614384,17.5382917852837,21.654439933241,19.9621517659831,17.6990537038138,15.6127571591227,15.5941547456718,13.5805809011346,12.9314667851533,10.5410253896913,8.79885767417989,15.3932795199623,12.1719841386586,10.4976699418062,7.51338538159732,10.289552278383,9.35648999929685,6.08295198201124,6.36627990760884,4.00256832344,3.25908312144663,1.80376889804149,0,2.90238708606028,1.69481863044706,1.74980292516436,3.68717332610297,3.42095439199015,5.01943666454169,7.33400692328855,9.32437429897687,8.93734152504035,10.0970706895675,10.7437776332924,13.1007618023,13.0758162925527,15.0236892024214,14.1795262648842,18.7229282506809,16.8726602315537,13.7039035542066,10.3122054560414,7.97471910609279,5.79263303230368,4.01567228833989,4.90894631598408,10.5964340346963,11.8836224796074,9.58486258389993,7.46455440495028,6.09758704194274,6.79559507480479,12.2801436225392,9.8566069024659,13.6285561709697,12.3723497940554,16.9536695380936,15.8360919237245,18.810410507313,14.5710282261877,8.33947369558029,29.4011097773415,24.4936030955127
"38",9.47642609417823,16.7259252789714,22.5076772916014,22.0207071119014,17.5469885960595,19.0287176920645,15.9956910659904,15.1532211042221,12.6885941070653,26.6984424239462,22.0765357371473,23.0304068782356,20.808614761447,19.1411642489112,19.4135622895894,17.7362774985861,20.9851385753603,19.156341160779,17.1460951071856,15.3546055199473,15.8031688046613,13.7868246291319,12.491236371095,10.8676717900651,10.0549173066407,14.3789224788383,11.2034734284071,9.86694491528355,7.67180277398885,9.04606381855875,7.56027913261623,5.42090882943688,7.71149386857352,5.44929751233179,3.66110664858571,3.10970347287875,2.90238708606028,0,1.27745739099605,3.026440402805,2.21324652599025,3.75438524010424,4.61444507697887,7.2301807212565,7.77378551337455,8.16680908220521,10.0875028923244,10.1260450828828,11.4061588482774,11.8031454820852,14.1398186339076,13.9675850709603,17.9803823743869,15.0471063731407,11.044688704035,7.80911192474603,5.61155034535397,4.06338936101156,3.29833099373874,2.22344069315643,7.83276441707608,8.98911608475504,6.68827060340119,4.65582538037292,3.63927433085226,5.27233416908333,9.44502110696093,7.47572706468755,11.2185429407043,10.2574788986837,14.3410626000548,13.5971230401232,19.916682651711,11.7801378536563,5.52979758592658,28.4863384291165,24.2037967852102
"39",9.584488028283,17.0150544326093,22.2905841300156,21.9297951800262,17.3043970481786,18.948793627471,15.9584810616707,14.9396953672449,12.461297625458,27.0542975928962,22.3754678770936,23.2319663427076,20.8894517245462,19.2559996859599,19.7735124163203,17.9097165064253,21.5338857506059,19.7567128064241,17.6366551534342,15.7146059428783,15.964600213608,13.9397360488768,12.9134789762641,10.9474700013776,9.71437864778716,15.0489762874265,11.8382031330707,10.349455717595,7.78394159759261,9.77749311258206,8.50318729146873,5.84037297374356,7.30089042129629,4.93732380263488,3.49718109330244,2.4692467467511,1.69481863044706,1.27745739099605,0,1.87608904771737,2.28989816214846,3.00812138535386,4.25591936281239,6.81457324091443,8.0783641180328,8.07488703006457,9.67198554761145,9.98355721586981,11.8145660077654,11.9922384838933,14.1492665320963,13.6683728415445,17.9371218201361,15.5391663386624,12.2966575048721,9.01293196893102,6.75737094259947,4.92103002293787,3.63574748873555,3.45457730123955,9.1033430820313,10.2511790339089,7.90886470048001,5.7698878237129,4.46360198413882,5.52397320863275,10.5853253188216,8.27181785485627,12.0444168534635,10.8990164213173,15.3056705177969,14.3216837902905,19.6918073461089,13.0555696248908,6.80527881354138,29.1459322161994,24.6011432298436
"40",8.96734931377338,16.5292554510434,23.1487678088168,22.9484182490641,18.1596817843478,19.9959523515764,17.0757498564303,15.8535157889248,13.3874761670498,28.531742400083,23.8109260015719,24.5701706561775,22.1096856496363,20.5198726171973,21.2722734405437,19.2404323384739,23.1814338552491,21.4445260802851,19.2498407931823,17.229596566283,17.2943321233128,15.2756253817089,14.4947375623962,12.2424044406271,10.5448498744251,16.7919093485011,13.5710101617716,11.9932631008976,9.16688759356476,11.5704260098373,10.3703655454512,7.50399515954904,8.11382195884589,5.75236525713813,4.84783779233608,3.47404030500055,1.74980292516436,3.026440402805,1.87608904771737,0,2.59905838912172,1.68187335146828,3.32577727780105,5.58422702395524,7.80514955382043,7.2300975473604,8.35464486339379,9.00843268445027,11.582055140213,11.4314774817099,13.3030426709847,12.4327813613616,16.9834290846861,15.3768324075132,14.0492802535366,10.8350886027441,8.61315260291775,6.78120449530512,5.32728846064412,5.24983418456767,10.7990340400088,11.7204787086364,9.24862343315622,6.91858501653054,5.23053409676261,5.34389970194773,11.6767419389785,8.75829889864957,12.4878308357644,11.0537238508623,15.9661753497272,14.5545658871541,20.5537906919239,14.7073032252874,8.47683565175898,30.8620799674306,26.1203178178631
"41",7.35046078832917,14.7335485716428,24.5381733608414,24.1253554695965,19.5579541530242,21.1374675809538,18.1226756482886,17.1821918505627,14.7061475320458,28.9107793665664,24.2893214739369,25.233874325921,22.9831953468844,21.3248666724535,21.6262052956157,19.9331748745271,23.163405515685,21.3170548358943,19.3426880735157,17.5675910691558,17.9966286925417,15.9770561225551,14.7011633407488,13.0342246004088,11.9867117075861,16.5145142671849,13.3629305351263,12.0714250854091,9.84189085905326,11.1668202917794,9.52194598625328,7.63413993486822,9.58220010912816,7.22540471056405,5.67895061187998,4.75853882942047,3.68717332610297,2.21324652599025,2.28989816214846,2.59905838912172,0,2.17827531981573,2.47725087447645,5.072051846933,5.7895769470273,5.96307998843154,7.91141944366612,7.91705542079847,9.52615831915136,9.73128367149925,11.9745812015114,11.7578347424364,15.799403885404,13.2598794029505,12.1550424760441,9.23673532858855,7.28387767460788,6.16512226697481,5.49756955781246,3.89055454330762,8.82400099513988,9.39301637137161,6.83860731383513,4.42704664872528,2.63795139979696,3.23601423963487,9.11309069636094,6.21520612835433,9.97463719088261,8.68703043590916,13.3919733562696,12.1494241129172,21.9409374542778,12.5906395528499,6.51971774524772,30.6113948050197,26.4131782832464
"42",7.32839231566859,14.898624997266,24.8268761890337,24.6086134117153,19.8369057993401,21.6500509900771,18.7134536646318,17.5246245896051,15.0555056334233,30.0298022342403,25.3325864997179,26.1400115481023,23.7222756935017,22.1170425221774,22.7547376955797,20.8109164944525,24.5418596624808,22.7605006931673,20.6434129061587,18.699576115984,18.863883535683,16.8407994511449,15.9144741199778,13.8202298431348,12.2197781783141,18.0364772482746,14.8325808673074,13.3573073462248,10.700850671781,12.7378893838914,11.314635991413,8.84808097185846,9.78678409348402,7.41752430887006,6.37048150674073,5.07721198765406,3.42095439199015,3.75438524010424,3.00812138535386,1.68187335146828,2.17827531981573,0,1.68429795348496,3.93011051352823,6.30193735503523,5.55669038789325,6.74273717693604,7.3268803437957,10.0527802270118,9.79535688848171,11.6224326036126,10.7982457828535,15.3033745820776,13.8552291893063,14.3185895453413,11.3270318038127,9.26847710647802,7.79719923161583,6.64358380802025,5.82944332226317,10.9935159938933,11.5429900827592,8.96582872233916,6.52340922489654,4.60381713960036,3.97343515828286,11.0643075002719,7.69512142334883,11.3211612132103,9.72271936895519,14.9200631115084,13.233684387008,22.2311535970858,14.7684745885726,8.68142115484692,32.140143583052,27.5901977770723
"43",5.64793686216874,13.2166246495203,26.4014711185105,26.1247706817309,21.4094151997738,23.1534498815344,20.185141746879,19.07629492922,16.6005758135979,31.261929546404,26.6051589258213,27.4845955365593,25.1411252928212,23.5112375375084,23.9765537448207,22.1642162705773,25.5995569634411,23.767870631899,21.7538928114823,19.9151166177478,20.2195818087657,18.1948125513395,17.0765819149581,15.2026474769894,13.7898602029239,18.9778397237651,15.8137147314408,14.4679757655462,12.0388473330777,13.6337445160653,11.9952635062704,9.98784580852282,11.3548728183319,8.97349525731191,7.74505722539718,6.56379767535034,5.01943666454169,4.61444507697887,4.25591936281239,3.32577727780105,2.47725087447645,1.68429795348496,0,2.61584835672043,4.66864646677547,3.91820860461905,5.47653784217917,5.76064499417134,8.39199656888549,8.11438985302571,10.0085550845583,9.41966993764349,13.739300755065,12.1939379226185,14.2643967467307,11.5486146525042,9.70496034922623,8.63271258690603,7.80424282031483,6.35267139623084,10.9242606157859,11.0894830544053,8.47453954952385,6.02991326293969,4.02860800717741,2.53268489729846,10.1889003505389,6.44575707678623,9.92066079300777,8.19671255402486,13.5983774170046,11.6976219565435,23.8031628355773,14.4998055064213,8.69117652508787,33.0797231782773,28.7859516978719
"44",4.2124863013337,11.5518479416333,28.7175100950621,28.5321924065347,23.7320419420363,25.5771662261992,22.6435579231588,21.4354602295583,18.9711931037372,33.8587086668652,29.1889855395552,30.0375904795189,27.6462124303378,26.0338456059627,26.5746445559272,24.7113810841918,28.2153187580724,26.3814861855485,24.3682253741253,22.5135997615385,22.7648576944237,20.7402732032878,19.6843519977151,17.7302500610627,16.1236733435785,21.5857676727026,18.4270262446412,17.0809052251509,14.5885898795517,16.2387742289132,14.5533819102453,12.594556348061,13.6955142536137,11.3365001953568,10.2689285289332,9.0059634953218,7.33400692328855,7.2301807212565,6.81457324091443,5.58422702395524,5.072051846933,3.93011051352823,2.61584835672043,0,4.30682464943647,2.24234171236766,2.86491528975794,3.55473663103,7.42082786020488,6.53876107266704,7.8874872727626,6.87265615999541,11.4477007360496,11.0863108155434,16.371761073039,13.8917628285877,12.1833145587453,11.2370020356924,10.4039686629077,8.9019319764769,13.0656584070029,12.8555608425622,10.2800012528138,7.95712078090369,6.0538415073236,3.61279810363626,11.4207155486807,7.20718620964408,10.0587508166873,8.00349123786312,13.8289488459963,11.3058703949967,26.1253046585479,16.4022991719887,10.937792709548,35.6833879099393,31.3905547870041
"45",2.10312851480114,8.95851226325506,30.2774711459181,29.7836485488122,25.3092909671856,26.7906699979738,23.7470744909818,22.9210833102611,20.4515530241963,33.9423469721233,29.4591162624387,30.5559145519563,28.4756526621121,26.7832266731213,26.7100714792358,25.3246256943043,27.8211544321901,25.8748084666403,24.1981306846213,22.7015947372378,23.4165536314626,21.4226836935236,19.7809012201648,18.579385288286,17.7653946901798,21.0124615617361,18.0667773008928,17.1220891574126,15.391902767759,15.764234655202,13.6836613416689,12.9566317313309,15.3690611200197,13.0149576133787,11.4094719097159,10.5475815131589,9.32437429897687,7.77378551337455,8.0783641180328,7.80514955382043,5.7895769470273,6.30193735503523,4.66864646677547,4.30682464943647,0,2.50663335337003,5.36362630228899,3.78884639410411,3.78004536662533,4.07922969321659,6.69949376827949,7.70094668517015,10.5642139497129,7.57171507943922,13.818062173827,12.093068615379,11.0169410709963,11.0255936260371,11.0023342571746,8.45307662193194,10.7580869442235,9.81100064881936,7.50989197530153,5.78655711881856,4.67263682753765,2.55462034867753,7.72883347933849,3.38504542781518,5.75395949666232,3.72039146427519,9.52374443939142,7.13223266448971,27.6842971721657,13.434752115373,9.0793367127168,34.8548199779149,31.3786403199195
"46",1.97339679909201,9.43625895002496,30.3107971728389,30.0009704931573,25.3188547157408,27.0222779873802,24.0325380128193,22.9773642171417,20.4997831888892,34.8280707541145,30.2333777122348,31.1961030412855,28.9348763431983,27.2829561979136,27.5493638670707,25.8961701480866,28.943877213672,27.0493332061033,25.1914854464479,23.4970278563158,23.9590817965604,21.938736078061,20.6105924411211,18.9845319274005,17.7009396845914,22.2010466604019,19.1277177552386,17.9632226068294,15.7969530787878,16.8663736397769,14.9675537073461,13.5786033089117,15.2666769135517,12.8838312405157,11.5679544177573,10.4558963822278,8.93734152504035,8.16680908220521,8.07488703006457,7.2300975473604,5.96307998843154,5.55669038789325,3.91820860461905,2.24234171236766,2.50663335337003,0,2.91048375545148,1.97175290333211,5.18880834109658,4.35965301487356,6.09409351064588,5.96640549703791,9.86242059285795,8.8453537501907,15.8903908768545,13.8139618030648,12.4142837995149,11.9265615858369,11.4599863475304,9.4176218251953,12.6973155870493,12.0496805646565,9.60652346717713,7.55298643798788,5.95111836001186,3.26565867641879,10.171147219867,5.82287534755443,8.14213742383959,5.99061007251646,11.8904252116598,9.1603874284167,27.7118997892899,15.6687139418154,10.7835463980742,36.2137473406803,32.3099637202203
"47",4.02263263184859,9.99142020835266,31.3928941446872,31.2767617477288,26.4202283367949,28.3362729345399,25.4294307893043,24.1544645704184,21.703234877964,36.7217720878853,32.047354246939,32.8799735309923,30.4596095248314,28.859070376348,29.4382284184069,27.5516443429078,31.0705370176378,29.2284727729593,27.2303745038895,25.3773883377038,25.6046713047406,23.5809408678356,22.5492305939881,20.5627943757417,18.8388907959925,24.4216576115973,21.2742742858048,19.9443053986682,17.4346080741618,19.0717901791823,17.3317304943722,15.4594511549247,16.4245928571889,14.0903776383445,13.1081611611689,11.8126775963493,10.0970706895675,10.0875028923244,9.67198554761145,8.35464486339379,7.91141944366612,6.74273717693604,5.47653784217917,2.86491528975794,5.36362630228899,2.91048375545148,0,2.19037520596497,7.12194543493731,5.5350156520386,5.84082357406201,4.09634580310471,8.99952319601298,10.281816542977,18.7118778433483,16.4685486299967,14.8921412464446,14.0723563732669,13.2685391032927,11.6886304331987,15.4724854580209,14.9387232203693,12.4620736367684,10.3118956653813,8.55776882666118,5.90243594655652,13.0735163557556,8.72284477791316,10.7433175075806,8.52815662017334,14.4119331303851,11.3392164745675,28.8090872094475,18.5512463730864,13.4618037667409,38.509343661317,34.2553337623664
"48",1.99073615511787,8.12356025076653,32.1485378821819,31.8852168789477,27.1572345934256,28.9127835374899,25.9377167938525,24.8324119741689,22.3580613312259,36.798174244469,32.1987004560039,33.1497648120561,30.8660186434001,29.2212011391787,29.5185861643593,27.8446135123948,30.9115573138086,29.0133164010776,27.1629882140557,25.4651565149216,25.9053137230031,23.8833236843053,22.5807792643147,20.9173052566726,19.5376368126554,24.1623729384061,21.0962329117333,19.9342630544117,17.7351465719097,18.8315879017559,16.9129019227957,15.542467959042,17.1027828396272,14.7250546456492,13.4807269908405,12.3244363247012,10.7437776332924,10.1260450828828,9.98355721586981,9.00843268445027,7.91705542079847,7.3268803437957,5.76064499417134,3.55473663103,3.78884639410411,1.97175290333211,2.19037520596497,0,4.9383126650709,3.38676051169908,4.33486936622791,4.04444181480045,7.98174373940622,8.13753587205522,17.5708533243863,15.6570346310541,14.3369156775133,13.8975153331838,13.4141607198585,11.3835690537273,14.4479935833317,13.5986029668054,11.2601995477135,9.35305187983167,7.86012056081542,5.19814043149656,11.4505652109397,7.14445463743987,8.71249693995285,6.48868322668749,12.3175096835267,9.16492507536451,29.5514821318813,17.2229778627303,12.6233338381692,38.1600182324099,34.2813400855481
"49",3.27434968082534,5.43760303832401,33.8931164142671,33.3150206899814,28.9458762116304,30.3236896119669,27.2638128657646,26.5464068640856,24.088901900457,36.9827607857366,32.6183441995295,33.8171502882891,31.8717702064888,30.1600893211924,29.8289128002698,28.6601209717516,30.6568173513015,28.6683545461926,27.1937677913496,25.8853133390578,26.7824654315706,24.8183613619034,22.9627642409881,22.0610904179325,21.4518290321462,23.8389561617246,21.0634206264452,20.3253521047026,18.901078282709,18.7580144476035,16.5352559357353,16.3747972571758,19.0763489935629,16.7405813146505,15.0658642770086,14.2795862224935,13.1007618023,11.4061588482774,11.8145660077654,11.582055140213,9.52615831915136,10.0527802270118,8.39199656888549,7.42082786020488,3.78004536662533,5.18880834109658,7.12194543493731,4.9383126650709,0,2.09550692351903,4.78601288906056,7.36268540502187,8.18556996211542,3.80255690362707,15.3816610345495,14.4202083132361,13.826389278963,14.2967893439446,14.5423817806447,11.7630574018555,12.7607188575012,11.1254425102858,9.42192792274157,8.49380006685548,8.00362808206573,6.31172712757554,8.32521061571026,4.99191680287055,4.36018514657368,2.44891300335085,7.58918375156134,4.23545448445762,31.307905563412,14.5578582760109,11.5865831960404,37.3638103214127,34.387810980546
"50",2.46702605411566,5.10419316315537,34.2693076474737,33.8237582762745,29.288965863936,30.8318601579412,27.7965130711075,26.9129483897496,24.4373312777509,37.98886296094,33.5265683458397,34.6339199653439,32.5501369992743,30.8599455538909,30.7698707497181,29.4036575452255,31.8050810662642,29.8419843925406,28.2283658020172,26.7702348810253,27.4945610095723,25.4988484960941,23.847791628893,22.6430055452721,21.706536116484,24.9856929583555,22.0907776992965,21.1904320237783,19.4515165057583,19.7836508288247,17.6503131727679,17.0339934599542,19.2887452865457,16.9137722750075,15.4031128678551,14.4488104355535,13.0758162925527,11.8031454820852,11.9922384838933,11.4314774817099,9.73128367149925,9.79535688848171,8.11438985302571,6.53876107266704,4.07922969321659,4.35965301487356,5.5350156520386,3.38676051169908,2.09550692351903,0,2.89979896022702,5.26916191165544,6.62555818133363,4.75199055263346,17.0730011241116,15.8077056444112,14.9564648174938,15.0973679955055,15.0600803833439,12.525806927828,14.2743651181008,12.8570679400612,10.9279145572733,9.62954955701736,8.73508714719844,6.53182840904125,10.1987402791069,6.43358232962786,6.44281487320576,4.4124613629954,9.65023078687425,6.16225499294531,31.6722066357473,16.3735545022586,12.8653888595124,38.7116015541468,35.4166939348496
"51",4.70735696938252,4.36363732370239,36.404773749196,36.078600269206,31.4128748388516,33.0958107514602,30.092665569379,29.0694082445375,26.591385421352,40.6115582189673,36.0913431371914,37.132077038636,34.9483252016251,33.2795085200953,33.3619755919368,31.8605797482594,34.5205387388293,32.5737470567857,30.8845831872248,29.3350189563025,29.9340571670074,27.9220392853765,26.4220669183052,25.0039679398399,23.7950152297924,27.7116299249506,24.7586484742244,23.7623817085698,21.8089762815013,22.4587765966983,20.3811485315519,19.4920371209966,21.3606711733667,18.9779040935817,17.6313213097381,16.5475843292404,15.0236892024214,14.1398186339076,14.1492665320963,13.3030426709847,11.9745812015114,11.6224326036126,10.0085550845583,7.8874872727626,6.69949376827949,6.09409351064588,5.84082357406201,4.33486936622791,4.78601288906056,2.89979896022702,0,3.41581941070505,3.87351358830201,5.78622455436786,19.9727633857111,18.6549175480618,17.7066118001406,17.6667309500603,17.4352826937274,15.0989520966479,17.1560865720797,15.7551340048334,13.8136527620758,12.4194605116374,11.354239786693,8.92615857767234,13.0648607278887,9.32395132821249,9.09674155041828,7.21873809285593,11.9372282774783,8.24867036790648,33.8058175657669,19.2612665722118,15.6859088678334,41.5189979280266,38.05722787629
"52",5.64809634214548,7.66686457514271,35.4881531051806,35.3690792068363,30.5164233532572,32.4248395683574,29.5071885373654,28.2498578800684,25.7969077729162,40.6638610387204,36.0213434777417,36.9002059028894,34.5186829031227,32.9058300824286,33.3782032722019,31.5765996390493,34.8757035852707,32.994727608717,31.0897591167999,29.3176733638396,29.6307243904162,27.6058473223125,26.4586179023749,24.6008050216725,22.9341756248249,28.1533813989857,25.0588857306334,23.8281624766499,21.4512004437259,22.8113495192138,20.9337256984941,19.3823705962439,20.5178824989364,18.1778380570314,17.1383305383194,15.8754397124798,14.1795262648842,13.9675850709603,13.6683728415445,12.4327813613616,11.7578347424364,10.7982457828535,9.41966993764349,6.87265615999541,7.70094668517015,5.96640549703791,4.09634580310471,4.04444181480045,7.36268540502187,5.26916191165544,3.41581941070505,0,5.22677086465553,9.15267380745016,21.5160742659269,19.6945156360723,18.3743833575857,17.8458513748713,17.2142056129951,15.365655473842,18.446134607399,17.4566950959433,15.2103974517108,13.3831860340672,11.9005245778104,9.22715120793952,15.0904830307741,10.924157537301,11.6825166311889,9.56424765493821,14.8990125383681,11.3207259666377,32.9050259479722,21.0652149126082,16.6614337687593,42.1791822067932,38.1709232453151
"53",8.57953387013935,4.67898525415403,40.1290958719449,39.8588265218096,35.1381604535553,36.8824844055341,33.894936128266,32.8139519686834,30.3391930201823,44.4850626544405,39.9615648359751,40.991564817057,38.7825049926917,37.120813193141,37.2346495366679,35.7123178559145,38.3830439685465,36.4312739437791,34.7566066538874,33.205946701833,33.782292177518,31.7671208345385,30.2941108993021,28.8335341409502,27.5188880198226,31.570378500887,28.6289336239506,27.6345753685676,25.6410925271198,26.3277474152528,24.2368280967368,23.350833356528,25.084184841694,22.7067964171811,21.4301873243817,20.3019316542886,18.7229282506809,17.9803823743869,17.9371218201361,16.9834290846861,15.799403885404,15.3033745820776,13.739300755065,11.4477007360496,10.5642139497129,9.86242059285795,8.99952319601298,7.98174373940622,8.18556996211542,6.62555818133363,3.87351358830201,5.22677086465553,0,7.54676573501472,23.5648694261893,22.4304148489302,21.5543664345121,21.5396390766069,21.2784128759725,18.9723148373437,20.8674551096735,19.3108473182345,17.5178053023441,16.2448519747347,15.2256885388142,12.7915714838593,16.4795768081403,13.0247518987451,12.1840029149596,10.6114737420645,14.3864363058266,10.6922308717086,37.5324467472972,22.7252180896378,19.4903217664004,45.3360283318452,41.9304481372339
"54",6.87392576266085,3.11094960110797,37.4426577709189,36.7745392833794,32.526077608152,33.7913654750987,30.72299326861,30.1189128819904,27.6794309334293,39.9379114475279,35.7074069664946,37.0014321505999,35.1963887592953,33.4711737660527,32.8924979500639,31.9365657981433,33.4476819460669,31.4342145196186,30.1581677013632,29.0326047959191,30.0961810717586,28.1693635706747,26.1288716372074,25.5060114688084,25.1001531728855,26.6790174876044,24.0840498585958,23.5329486250734,22.3877037884781,21.8050933105439,19.5024847955642,19.8017789504024,22.7521562323079,20.4412792483471,18.7042408187126,17.9928579408124,16.8726602315537,15.0471063731407,15.5391663386624,15.3768324075132,13.2598794029505,13.8552291893063,12.1939379226185,11.0863108155434,7.57171507943922,8.8453537501907,10.281816542977,8.13753587205522,3.80255690362707,4.75199055263346,5.78622455436786,9.15267380745016,7.54676573501472,0,17.3288059599107,17.0291490599929,16.8239647152807,17.6321944104573,18.0851848925842,15.1705536075658,15.1883456347699,13.1223750950423,12.0046618407668,11.6470244030036,11.5201634758719,10.077086152583,10.06817377493,8.02375106718778,5.48770866126874,5.00344793202959,6.88483818004556,3.30940743239156,34.8700555426266,16.1664046205593,14.4443189684664,39.8006229680645,37.3235258334322
"55",15.8765056940337,20.227132609282,24.9474544591889,23.5152790392316,20.8793050989406,20.8755097118065,18.1044007934008,18.7365505020573,16.9662714683075,23.8189633793446,20.2672037125857,21.9449411706251,21.0698502962996,19.4000121645283,17.5037931789603,17.7860550585487,17.0300194156349,15.0245324992609,14.5322947621403,14.422292346013,16.4083492682264,15.0440404160733,12.0691374000826,13.7413794099363,15.8035021857482,10.8566140953293,9.56128554536379,10.3636132547761,12.0185421404111,8.09684099745719,6.31461473133863,10.0377042363577,14.647461768355,13.7315113761883,11.9550871466825,12.8363621084885,13.7039035542066,11.044688704035,12.2966575048721,14.0492802535366,12.1550424760441,14.3185895453413,14.2643967467307,16.371761073039,13.818062173827,15.8903908768545,18.7118778433483,17.5708533243863,15.3816610345495,17.0730011241116,19.9727633857111,21.5160742659269,23.5648694261893,17.3288059599107,0,3.54566465769817,5.90443644103649,8.4786322344971,10.5666950101534,8.8436836888976,3.34204329939311,4.26538431877462,6.31120698470352,8.42598664939641,10.3304386899567,12.8435325476467,7.26459170697193,10.6827140372134,11.8434971898045,12.9829183930182,12.0280030305027,14.2428006068717,22.7483012468842,1.88166056356001,5.63716926684649,22.6187531813584,21.2195359208724
"56",14.1958856646213,19.6611338099562,22.5505475114824,21.3312392928665,18.1785216306692,18.5307989529609,15.6003913851104,15.9179043903085,13.9477277379208,23.0031281145978,18.9902178702504,20.4779341829891,19.1659112658384,17.4431285392193,16.1633097301383,15.8289130838004,16.4275040551113,14.4098987820962,13.2994571297235,12.5961931072152,14.2271592786564,12.6100647499372,9.89584786690637,10.8383991064095,12.5075050982849,9.71155172485359,7.50658116972946,7.71852030228513,8.72937681957246,5.51107702080163,3.2752706577667,6.56299016376379,11.1880900238545,10.1891957374116,8.41347446684135,9.33587036575843,10.3122054560414,7.80911192474603,9.01293196893102,10.8350886027441,9.23673532858855,11.3270318038127,11.5486146525042,13.8917628285877,12.093068615379,13.8139618030648,16.4685486299967,15.6570346310541,14.4202083132361,15.8077056444112,18.6549175480618,19.6945156360723,22.4304148489302,17.0291490599929,3.54566465769817,0,2.38057908429995,4.93456606840286,7.02684349254423,5.58699406379858,1.9939596987387,4.57292768197349,5.04213275312518,6.31808672629183,7.91112715289878,10.587080055985,7.38166952930474,9.43976747944593,11.6738007855166,12.2199600437876,12.9349666198244,14.2910251184818,20.2092768535634,4.94400378297876,3.03377062255644,22.9441657774288,20.3805076998475
"57",13.0838000171515,19.2185214610885,21.4873635350283,20.4657070623704,16.8862120425869,17.563821582867,14.5392925525708,14.5413061771077,12.3896274177531,23.1668951648552,18.883461769368,20.2023508614531,18.5655866003685,16.8301354642052,16.0699843378298,15.2510179454862,16.8554686384401,14.8860458720006,13.3753555102607,12.2287369839818,13.4966094946163,11.6944312838236,9.35131669526218,9.49020809386187,10.6308883283488,10.0335323923399,7.26517996361779,6.84310448587766,6.94458433321385,4.98137665702608,2.70893979956967,4.50039307579388,9.0768484214075,7.88688188181091,6.05595841340053,6.95554338687639,7.97471910609279,5.61155034535397,6.75737094259947,8.61315260291775,7.28387767460788,9.26847710647802,9.70496034922623,12.1833145587453,11.0169410709963,12.4142837995149,14.8921412464446,14.3369156775133,13.826389278963,14.9564648174938,17.7066118001406,18.3743833575857,21.5543664345121,16.8239647152807,5.90443644103649,2.38057908429995,0,2.59591967914674,4.66597910228165,3.43930083339947,3.41610390469007,5.77439381010324,5.06958512970748,5.34587236076825,6.47794691663702,9.14895981417865,7.98204353212235,8.88037445581089,11.7469218056307,11.8528688589906,13.65125586092,14.4008531781365,19.0439416535088,7.14302660447648,2.45578852020885,23.8530930346631,20.5660945217833
"58",12.9601898590099,19.7327219198646,19.9703695850838,19.169894739406,15.181934357661,16.2003054359592,13.1319072696736,12.7842753818849,10.4753297439806,22.9494780222822,18.43446176965,19.547533052531,17.5840385448079,15.8673183299864,15.6953595463787,14.3635168590897,17.0302373444326,15.1627142512859,13.2672055821967,11.6766045129812,12.4891207559816,10.5411495668993,8.75798726639434,7.9238156077854,8.39739282336069,10.3498052003724,7.21488917197718,6.0982150388033,4.96137739905201,5.00178861508109,3.59418978549412,2.30577725707007,6.61873677377469,5.29306906668753,3.48076382026752,4.51465639538348,5.79263303230368,4.06338936101156,4.92103002293787,6.78120449530512,6.16512226697481,7.79719923161583,8.63271258690603,11.2370020356924,11.0255936260371,11.9265615858369,14.0723563732669,13.8975153331838,14.2967893439446,15.0973679955055,17.6667309500603,17.8458513748713,21.5396390766069,17.6321944104573,8.4786322344971,4.93456606840286,2.59591967914674,0,2.10016316085827,2.5725918148955,5.92358945368219,8.0596446382286,6.72781259514978,6.02467393578835,6.36449771088594,8.7707828875863,9.79530330935512,9.62071440565277,12.9634425806433,12.6367667780126,15.3620151005134,15.5718256806992,17.4462821510358,9.73513594283007,4.31290860649701,24.4473002162846,20.4078391973621
"59",12.7620934571982,19.9202018323129,19.3623521238061,18.7879457154299,14.4422228068217,15.7948852519179,12.7459124491744,12.0341199023052,9.60402645582553,23.4577209944538,18.8079878692225,19.7363312663574,17.5154544745906,15.8443140529895,16.1724898284347,14.4384981818508,17.9000005152216,16.133901331687,14.0013544063808,12.1110834770063,12.5048520957976,10.4887097622831,9.28618742533723,7.58453379218888,7.16246624017123,11.4647593940536,8.24374307182,6.71374054338005,4.39144350330293,6.28277116650312,5.44049111489801,2.20464101615728,5.0481255314554,3.32301552959428,1.3903645298876,2.49685578324637,4.01567228833989,3.29833099373874,3.63574748873555,5.32728846064412,5.49756955781246,6.64358380802025,7.80424282031483,10.4039686629077,11.0023342571746,11.4599863475304,13.2685391032927,13.4141607198585,14.5423817806447,15.0600803833439,17.4352826937274,17.2142056129951,21.2784128759725,18.0851848925842,10.5666950101534,7.02684349254423,4.66597910228165,2.10016316085827,0,3.13184896225441,7.88454202778066,9.82532936297166,8.13646998133567,6.85799428929723,6.56651595017094,8.54315903668068,11.1849802310593,10.2345113844691,13.8262433817425,13.1729197254885,16.5686440467412,16.3468970210387,16.7856442984798,11.7705553285559,6.01310926101238,25.5398666753517,20.9870043886718
"60",10.3938320113752,17.1931702317207,22.307215087079,21.6043553755995,17.4401826586827,18.6208458126925,15.5524573824201,15.0303565048894,12.6397763641696,25.5133034546801,21.0069446839768,22.113464041935,20.1092966767019,18.399869363621,18.2650439683828,16.9114271510087,19.5285085725166,17.6321258951988,15.8084472142917,14.2491303711142,15.0233392168654,13.0553047134233,11.3298830403607,10.3357265255839,10.2830857830514,12.7877290478543,9.7155307026455,8.67033172348634,7.23243580008493,7.4487819757601,5.6514517651709,4.63172246079133,8.17036977452214,6.25119081326877,4.2186483260448,4.43745027611229,4.90894631598408,2.22344069315643,3.45457730123955,5.24983418456767,3.89055454330762,5.82944332226317,6.35267139623084,8.9019319764769,8.45307662193194,9.4176218251953,11.6886304331987,11.3835690537273,11.7630574018555,12.525806927828,15.0989520966479,15.365655473842,18.9723148373437,15.1705536075658,8.8436836888976,5.58699406379858,3.43930083339947,2.5725918148955,3.13184896225441,0,5.68803863639278,7.12414413697984,5.12545973202977,3.73734120132179,3.79644302305486,6.22240199913332,8.12298046296495,7.21026217424116,10.7245754755774,10.1997542831166,13.4414077816444,13.2758335571709,19.7523414307932,9.66218026585782,3.44489200258426,26.8376628055473,22.9647861724919
"61",12.8503262021536,17.8983169002471,24.4648990728254,23.2852909624141,20.0195776754339,20.4629227924388,17.5063674828931,17.7236155175507,15.6683432910405,24.9476928691492,20.9737503938777,22.4703548575999,21.1507747907246,19.425901080004,18.1480098114418,17.8133475499465,18.3281287792503,16.3055260470063,15.2719149843022,14.5891564505178,16.1936081988945,14.5421810841663,11.8747713206204,12.6401667518036,14.0277339203555,11.6618367046636,9.49886280148501,9.63679127664919,10.3035917055522,7.46741027414303,5.16824223803952,7.9152463629378,12.4870359383804,11.1860308470939,9.2593782771398,9.93101253543233,10.5964340346963,7.83276441707608,9.1033430820313,10.7990340400088,8.82400099513988,10.9935159938933,10.9242606157859,13.0656584070029,10.7580869442235,12.6973155870493,15.4724854580209,14.4479935833317,12.7607188575012,14.2743651181008,17.1560865720797,18.446134607399,20.8674551096735,15.1883456347699,3.34204329939311,1.9939596987387,3.41610390469007,5.92358945368219,7.88454202778066,5.68803863639278,0,2.5968500241684,3.34964996442897,5.16059708519083,7.0135741606041,9.57794991390401,5.40534159378918,7.84455199738193,9.77727192119114,10.4781342629596,10.9410239349514,12.3701141793461,22.0938431694606,3.9796451291304,2.32657352582793,24.6569086426562,22.3244655553658
"62",11.8103329261151,15.9809130065816,27.0514351228714,25.8819259699008,22.5721711340656,23.0557322574631,20.0912686477135,20.2579070016107,18.1527679094633,27.3654088765708,23.4833193811706,25.0132338607553,23.7388386572174,22.0158342163521,20.6629388498768,20.4018252287861,20.678528887673,18.6538340028644,17.7590665376052,17.1616438319699,18.7898995054054,17.1358153516988,14.4669805560055,15.1804548845082,16.3768392548793,14.1148406226347,12.0752677804434,12.2288461049229,12.7182194257742,10.0641366377104,7.76036838042563,10.2193227711217,14.6771541907937,13.1437858654678,11.1379649469336,11.5575869820142,11.8836224796074,8.98911608475504,10.2511790339089,11.7204787086364,9.39301637137161,11.5429900827592,11.0894830544053,12.8555608425622,9.81100064881936,12.0496805646565,14.9387232203693,13.5986029668054,11.1254425102858,12.8570679400612,15.7551340048334,17.4566950959433,19.3108473182345,13.1223750950423,4.26538431877462,4.57292768197349,5.77439381010324,8.0596446382286,9.82532936297166,7.12414413697984,2.5968500241684,0,2.61501458017648,5.06723154888978,7.06662678531769,9.24433250870876,3.07198041194161,6.54032253450827,7.63703670988014,8.71891468879627,8.39522037076454,10.1240899880962,24.6680833690524,3.62545430193071,3.81239437828986,26.7038713159443,24.7438875712696
"63",9.57943864995952,14.6204173404537,26.5010873996186,25.5254485088309,21.817363115452,22.6103451367123,19.5714915728808,19.4395370849944,17.1811649977665,27.9549989991757,23.8111042685652,25.197989118649,23.6290380266731,21.8935694728419,20.9850506266272,20.308815948752,21.4434445141301,19.4312828003517,18.1945560111528,17.2340632764963,18.5654678653734,16.758928148318,14.3884604563671,14.4541345634675,15.1029213741995,14.67953982507,12.1919410976712,11.9113977837895,11.6618777674949,9.97036617833263,7.61879414319827,9.02530813744528,13.1622067964122,11.3643381008197,9.3290780702706,9.50232712707217,9.58486258389993,6.68827060340119,7.90886470048001,9.24862343315622,6.83860731383513,8.96582872233916,8.47453954952385,10.2800012528138,7.50989197530153,9.60652346717713,12.4620736367684,11.2601995477135,9.42192792274157,10.9279145572733,13.8136527620758,15.2103974517108,17.5178053023441,12.0046618407668,6.31120698470352,5.04213275312518,5.06958512970748,6.72781259514978,8.13646998133567,5.12545973202977,3.34964996442897,2.61501458017648,0,2.45817325248847,4.45357488443688,6.67872828648243,3.07203225936371,4.49579018784282,6.73753709366748,7.18062051411247,8.66150011747137,9.38725236227113,24.0262662903444,6.1244086085507,2.61652741091792,27.9576266460115,25.3365991637992
"64",7.88649251503519,13.9083485401436,25.9755296194037,25.1940131907486,21.1421905187056,22.2249081683001,19.1563080281274,18.7346432232045,16.3623627722745,28.4890436061339,24.140485654343,25.3801939346818,23.5512051064467,21.8248805295139,21.3435450511184,20.2899665804536,22.1999726894191,20.2258226555583,18.7007062026078,17.4248248999382,18.4509368559962,16.5345464695634,14.5090359983875,13.9454344017769,14.0177751093507,15.377867522155,12.5696719093519,11.8946485390564,10.9117894419239,10.2648229802545,8.05280942581389,8.26806151841969,11.867944508455,9.82528751660538,7.83229339535636,7.69177041376792,7.46455440495028,4.65582538037292,5.7698878237129,6.91858501653054,4.42704664872528,6.52340922489654,6.02991326293969,7.95712078090369,5.78655711881856,7.55298643798788,10.3118956653813,9.35305187983167,8.49380006685548,9.62954955701736,12.4194605116374,13.3831860340672,16.2448519747347,11.6470244030036,8.42598664939641,6.31808672629183,5.34587236076825,6.02467393578835,6.85799428929723,3.73734120132179,5.16059708519083,5.06723154888978,2.45817325248847,0,2.00175262566104,4.42126530160976,4.81678300643839,3.62394689438577,6.99259186175584,6.64357655565889,9.78274333097792,9.56688989198844,23.4359317784788,8.49034319938699,3.29402150369255,29.0995697913601,25.8952213548327
"65",6.66843095941499,13.418702744366,25.928295873648,25.3138196916403,21.0059376599787,22.323387641598,19.2616823089135,18.5990361296313,16.1601885189428,29.2699788883666,24.7916258460216,25.909767952279,23.8889493963715,22.1844087413479,22.0384924670649,20.7038761093616,23.1810095111592,21.2491152163913,19.5309749669294,18.0351477638209,18.8099429748953,16.8324374707816,15.1128472874824,14.0574627061086,13.6159689021378,16.3869005419785,13.4047980800047,12.4553476984418,10.9013245057357,11.1069943343222,9.08406736828951,8.37550616444516,11.316311117572,9.08571086875922,7.23432965047185,6.73243272779507,6.09758704194274,3.63927433085226,4.46360198413882,5.23053409676261,2.63795139979696,4.60381713960036,4.02860800717741,6.0538415073236,4.67263682753765,5.95111836001186,8.55776882666118,7.86012056081542,8.00362808206573,8.73508714719844,11.354239786693,11.9005245778104,15.2256885388142,11.5201634758719,10.3304386899567,7.91112715289878,6.47794691663702,6.36449771088594,6.56651595017094,3.79644302305486,7.0135741606041,7.06662678531769,4.45357488443688,2.00175262566104,0,2.69084471775378,6.48942023764349,3.84049942302419,7.59936725734884,6.64674875095441,10.8562174633099,9.95804749672751,23.3521280085121,10.4794494460829,4.90915892914648,30.3193028993696,26.7080024383199
"66",4.22756810256427,11.5005698758348,27.7501991583397,27.2922270237048,22.7759676529524,24.3005545468025,21.2677609248401,20.3930149035424,17.9201444594642,31.7176965274285,27.17206416054,28.2067642995398,26.0539456680353,24.3744797632628,24.4545432913488,22.9419646774426,25.7419815629547,23.8316426590602,22.0299455367717,20.4184016337797,21.0202119345753,19.0135413582202,17.5113981658361,16.1273196301334,15.2184803912648,18.9758603592205,15.9348254628203,14.8535816083293,12.9326384526782,13.6568505275672,11.7148168359401,10.5685490608029,12.817638772393,10.460933166389,8.87930774750676,7.99321978555168,6.79559507480479,5.27233416908333,5.52397320863275,5.34389970194773,3.23601423963487,3.97343515828286,2.53268489729846,3.61279810363626,2.55462034867753,3.26565867641879,5.90243594655652,5.19814043149656,6.31172712757554,6.53182840904125,8.92615857767234,9.22715120793952,12.7915714838593,10.077086152583,12.8435325476467,10.587080055985,9.14895981417865,8.7707828875863,8.54315903668068,6.22240199913332,9.57794991390401,9.24433250870876,6.67872828648243,4.42126530160976,2.69084471775378,0,7.91218942685868,3.94346765638908,7.39478413657263,5.7510981603716,11.0657964205568,9.26220444599109,25.1548930793617,12.8031326213966,7.56795014729204,32.9618816489315,29.1786145430533
"67",9.53174745527501,12.9695693165554,29.4690311834527,28.4274206423791,24.8336186264746,25.5401922889221,22.5209215628675,22.4664391945152,20.2316254139077,30.3454668050118,26.3717843760515,27.8453043551648,26.4255535274732,24.6929819698946,23.5446387905907,23.0916541003576,23.6956727322864,21.6710262797844,20.6765690125616,19.9270610113246,21.403102622381,19.6526998418854,17.1472172525715,17.4508693014484,18.1749220890896,17.0648617414488,14.8406821147754,14.7631213985936,14.7151291025567,12.7101137858267,10.3547349555832,12.0879185387379,16.2219402003635,14.3739669804037,12.3414976231467,12.4045218985051,12.2801436225392,9.44502110696093,10.5853253188216,11.6767419389785,9.11309069636094,11.0643075002719,10.1889003505389,11.4207155486807,7.72883347933849,10.171147219867,13.0735163557556,11.4505652109397,8.32521061571026,10.1987402791069,13.0648607278887,15.0904830307741,16.4795768081403,10.06817377493,7.26459170697193,7.38166952930474,7.98204353212235,9.79530330935512,11.1849802310593,8.12298046296495,5.40534159378918,3.07198041194161,3.07203225936371,4.81678300643839,6.48942023764349,7.91218942685868,0,4.35083834678451,4.58070391793351,5.87822515148748,5.67074351416681,7.0537626037252,27.0174172424129,6.24787650711299,5.58817317891712,29.7754099596575,27.722336961041
"68",5.28710426627817,10.3407942988087,29.5172966863841,28.7845766645191,24.6445295712637,25.8084021150901,22.7388360633934,22.2342626134646,19.8277257518349,32.0468333810684,27.7391091571077,28.9975707378044,27.1729158132992,25.4474401914178,24.9347847152948,23.9138705773523,25.6770984430419,23.6843230205105,22.2553117730776,21.0366139406011,22.0726584378233,20.14996131172,18.1246661174211,17.5222753406606,17.3676014543901,18.8637953332367,16.1409937870144,15.5165421408021,14.4421563635598,13.8445129695447,11.5843740828885,11.8239613921536,15.1107496541471,12.9136395242754,11.0242864260941,10.5729307130866,9.8566069024659,7.47572706468755,8.27181785485627,8.75829889864957,6.21520612835433,7.69512142334883,6.44575707678623,7.20718620964408,3.38504542781518,5.82287534755443,8.72284477791316,7.14445463743987,4.99191680287055,6.43358232962786,9.32395132821249,10.924157537301,13.0247518987451,8.02375106718778,10.6827140372134,9.43976747944593,8.88037445581089,9.62071440565277,10.2345113844691,7.21026217424116,7.84455199738193,6.54032253450827,4.49579018784282,3.62394689438577,3.84049942302419,3.94346765638908,4.35083834678451,0,3.77376768957217,3.02063704885245,7.23014742388545,6.13654011880466,26.9620361155815,10.1413242185793,6.59835536672868,32.3828841770172,29.4441508097908
"69",6.74166186166992,8.41794308809054,32.9336620203916,32.0834588148811,28.1257688537055,29.1330603612757,26.0709361074284,25.7201378362897,23.3546156267469,34.6656743359529,30.5485261189338,31.9285701490119,30.2991190912231,28.5644719168388,27.7222293295757,26.9932005426793,28.0962029244852,26.0757027680555,24.9217347717151,23.9597146048256,25.2141984643678,23.3565605921034,21.096738166662,20.8796110793286,20.987696614502,21.3769576706538,18.9284739114002,18.5737657348839,17.8917763856446,16.6955193200953,14.3506231613492,15.238995145132,18.7834261963947,16.6330973054444,14.7058372469913,14.3246921129938,13.6285561709697,11.2185429407043,12.0444168534635,12.4878308357644,9.97463719088261,11.3211612132103,9.92066079300777,10.0587508166873,5.75395949666232,8.14213742383959,10.7433175075806,8.71249693995285,4.36018514657368,6.44281487320576,9.09674155041828,11.6825166311889,12.1840029149596,5.48770866126874,11.8434971898045,11.6738007855166,11.7469218056307,12.9634425806433,13.8262433817425,10.7245754755774,9.77727192119114,7.63703670988014,6.73753709366748,6.99259186175584,7.59936725734884,7.39478413657263,4.58070391793351,3.77376768957217,0,2.22386766606279,3.77020221696509,2.65429184941476,30.4069978333618,10.731441473544,9.30172464501658,34.3301437434224,32.0445431121452
"70",4.51935028034429,7.44158955647812,32.5007033961954,31.7936357347299,27.6086506489027,28.8144995926267,25.7451077204199,25.1987971959832,22.7768537034848,35.0036972187616,30.7310356055516,32.0068093479687,30.1935458860498,28.4679592973378,27.9212855149715,26.9332611394766,28.5767778196285,26.5731948499824,25.2149991773591,24.041418810396,25.0932840792816,23.1696273542702,21.1334803666166,20.527652075009,20.2616166361887,21.7797048250636,19.1180014964958,18.531929885397,17.4298670351969,16.8295781333353,14.5455816048249,14.8252326552314,17.9593093137803,15.7024088441428,13.880326910919,13.2978906189078,12.3723497940554,10.2574788986837,10.8990164213173,11.0537238508623,8.68703043590916,9.72271936895519,8.19671255402486,8.00349123786312,3.72039146427519,5.99061007251646,8.52815662017334,6.48868322668749,2.44891300335085,4.4124613629954,7.21873809285593,9.56424765493821,10.6114737420645,5.00344793202959,12.9829183930182,12.2199600437876,11.8528688589906,12.6367667780126,13.1729197254885,10.1997542831166,10.4781342629596,8.71891468879627,7.18062051411247,6.64357655565889,6.64674875095441,5.7510981603716,5.87822515148748,3.02063704885245,2.22386766606279,0,5.90914000123706,3.51113060875485,29.9378378126571,12.1167714512604,9.50960298422948,35.1301665434544,32.3950838076148
"71",10.3896370240887,9.97168659241047,35.1362175158725,34.096014100245,30.477853587283,31.2109340428765,28.1905484005817,28.1010335933149,25.8333102727752,35.7073927554433,31.8775065242491,33.4048889336612,32.0648554159138,30.3347398960289,29.0579397534443,28.7283303518964,28.972147998036,26.9519378360556,26.1490728694876,25.5282448154448,27.0599433555298,25.3215769470653,22.7828185794579,23.1063923394292,23.6745736135184,22.4949967828903,20.4372868938755,20.4278218891831,20.3140118915341,18.3500087424996,16.0018797723397,17.6668521272194,21.6117734602504,19.6079205945536,17.6087542176278,17.4345363745952,16.9536695380936,14.3410626000548,15.3056705177969,15.9661753497272,13.3919733562696,14.9200631115084,13.5983774170046,13.8289488459963,9.52374443939142,11.8904252116598,14.4119331303851,12.3175096835267,7.58918375156134,9.65023078687425,11.9372282774783,14.8990125383681,14.3864363058266,6.88483818004556,12.0280030305027,12.9349666198244,13.65125586092,15.3620151005134,16.5686440467412,13.4414077816444,10.9410239349514,8.39522037076454,8.66150011747137,9.78274333097792,10.8562174633099,11.0657964205568,5.67074351416681,7.23014742388545,3.77020221696509,5.90914000123706,0,3.72573407799751,32.6769116603419,10.4769025601636,11.2411216161184,34.5779813535264,33.0900555597067
"72",7.39002117803725,6.4164434100485,35.5386626970589,34.714916063819,30.7076943105283,31.7589005262718,28.6941298670926,28.299344385601,25.9155713645687,37.2924444368128,33.1960429857558,34.581833751834,32.9496370437707,31.2152529067325,30.3690962270487,29.6455978722265,30.6982270287834,28.6755982758274,27.5597015660708,26.6135767688208,27.8626203016867,25.998183588531,23.7509617882916,23.4944643242924,23.4949656188936,24.0011707848592,21.579183652167,21.2251354627079,20.47866729427,19.3492318065463,17.0031809747633,17.8332314909753,21.247177913092,19.0429460775065,17.1607874075194,16.6785912477276,15.8360919237245,13.5971230401232,14.3216837902905,14.5545658871541,12.1494241129172,13.233684387008,11.6976219565435,11.3058703949967,7.13223266448971,9.1603874284167,11.3392164745675,9.16492507536451,4.23545448445762,6.16225499294531,8.24867036790648,11.3207259666377,10.6922308717086,3.30940743239156,14.2428006068717,14.2910251184818,14.4008531781365,15.5718256806992,16.3468970210387,13.2758335571709,12.3701141793461,10.1240899880962,9.38725236227113,9.56688989198844,9.95804749672751,9.26220444599109,7.0537626037252,6.13654011880466,2.65429184941476,3.51113060875485,3.72573407799751,0,33.0024591857098,12.9805834769177,11.9560034961596,36.8204328833171,34.6703085165345
"73",29.2761706092157,36.6412388303895,2.59931041629201,3.09484304044868,2.39429594384053,2.36169939088218,4.64405868487562,4.76349551137482,7.23510659424987,12.6631409737054,8.94101550466296,7.88223730804119,4.98160151150079,5.22549846653073,9.03387306153204,6.18547779088628,12.6219010283488,12.8415517057944,10.7302682471651,9.10675639319202,6.64629770933646,7.70568613734912,10.7461225384806,9.57213173766838,10.0140345529148,13.1946101567195,13.2334407141697,12.5001637089757,12.5257383509854,14.7540747283387,16.9401236199224,15.1698306227555,12.4491176719149,14.829673938708,16.2762084848512,17.2621054095593,18.810410507313,19.916682651711,19.6918073461089,20.5537906919239,21.9409374542778,22.2311535970858,23.8031628355773,26.1253046585479,27.6842971721657,27.7118997892899,28.8090872094475,29.5514821318813,31.307905563412,31.6722066357473,33.8058175657669,32.9050259479722,37.5324467472972,34.8700555426266,22.7483012468842,20.2092768535634,19.0439416535088,17.4462821510358,16.7856442984798,19.7523414307932,22.0938431694606,24.6680833690524,24.0262662903444,23.4359317784788,23.3521280085121,25.1548930793617,27.0174172424129,26.9620361155815,30.4069978333618,29.9378378126571,32.6769116603419,33.0024591857098,0,24.6018850485027,21.4358082121037,19.0833102000553,11.6778573436236
"74",15.4228762895308,19.1487317964861,26.8161561451512,25.3947432266842,22.7078291726498,22.7459822265473,19.9579408713547,20.5394329501026,18.7125631148236,25.5829827000579,22.1062562440046,23.8007694297729,22.9504706159288,21.2815628711852,19.3545978122827,19.6677026964798,18.7775612404314,16.7850030604284,16.3800566141437,16.303469999739,18.2850514029108,16.9010239314424,13.9413729697623,15.5145276517843,17.4239041493209,12.7106172945126,11.4343116680116,12.1784098369069,13.6375718380794,9.90637929757852,7.99890285950693,11.502975824942,16.1280814330486,15.0281917695978,13.157598926389,13.8951439649804,14.5710282261877,11.7801378536563,13.0555696248908,14.7073032252874,12.5906395528499,14.7684745885726,14.4998055064213,16.4022991719887,13.434752115373,15.6687139418154,18.5512463730864,17.2229778627303,14.5578582760109,16.3735545022586,19.2612665722118,21.0652149126082,22.7252180896378,16.1664046205593,1.88166056356001,4.94400378297876,7.14302660447648,9.73513594283007,11.7705553285559,9.66218026585782,3.9796451291304,3.62545430193071,6.1244086085507,8.49034319938699,10.4794494460829,12.8031326213966,6.24787650711299,10.1413242185793,10.731441473544,12.1167714512604,10.4769025601636,12.9805834769177,24.6018850485027,0,6.25037087762661,24.1016188958946,22.994198352928
"75",11.1801683188245,16.9244933350261,23.8996133156185,22.9097613386849,19.2455456754453,19.9978591410813,16.9629765317751,16.8789888259177,14.6593661003101,25.4988087121761,21.2804255682012,22.6310860805638,21.0208675920358,19.2853899987101,18.4595687561883,17.7046792954186,19.0816205651394,17.0865109070606,15.7146538814085,14.6597965304958,15.9521940279253,14.1424499418027,11.7960487350164,11.8659451714567,12.7016334238375,12.2740496583519,9.65137559393567,9.29887791657963,9.1522653281296,7.39756307880233,5.0658119871221,6.55759178456249,10.9039987560526,9.33155618724438,7.32939651822775,7.81884214380661,8.33947369558029,5.52979758592658,6.80527881354138,8.47683565175898,6.51971774524772,8.68142115484692,8.69117652508787,10.937792709548,9.0793367127168,10.7835463980742,13.4618037667409,12.6233338381692,11.5865831960404,12.8653888595124,15.6859088678334,16.6614337687593,19.4903217664004,14.4443189684664,5.63716926684649,3.03377062255644,2.45578852020885,4.31290860649701,6.01310926101238,3.44489200258426,2.32657352582793,3.81239437828986,2.61652741091792,3.29402150369255,4.90915892914648,7.56795014729204,5.58817317891712,6.59835536672868,9.30172464501658,9.50960298422948,11.2411216161184,11.9560034961596,21.4358082121037,6.25037087762661,0,25.8463046634172,22.8878246811614
"76",36.9327933289682,42.5551075068038,18.8662376926199,16.6728128083683,19.7021153837771,17.058192635837,17.6458916360831,19.9892394897217,21.0851340674216,7.47821481218711,10.1534557937559,11.3785511501071,14.1019593075889,14.2802950742125,11.052933719702,14.3029896383576,7.94208435532225,9.4468374894043,11.9007310108795,14.3493650611595,15.6646768230653,17.1480354618384,16.5926844814176,19.8019919796416,23.1667477505259,14.1085186724703,17.3080921016231,18.9044905805743,22.1506310326824,19.4459897396211,21.2472278178539,23.3592957377207,24.6655065678539,26.1847613013339,26.1497769255159,27.626669345794,29.4011097773415,28.4863384291165,29.1459322161994,30.8620799674306,30.6113948050197,32.140143583052,33.0797231782773,35.6833879099393,34.8548199779149,36.2137473406803,38.509343661317,38.1600182324099,37.3638103214127,38.7116015541468,41.5189979280266,42.1791822067932,45.3360283318452,39.8006229680645,22.6187531813584,22.9441657774288,23.8530930346631,24.4473002162846,25.5398666753517,26.8376628055473,24.6569086426562,26.7038713159443,27.9576266460115,29.0995697913601,30.3193028993696,32.9618816489315,29.7754099596575,32.3828841770172,34.3301437434224,35.1301665434544,34.5779813535264,36.8204328833171,19.0833102000553,24.1016188958946,25.8463046634172,0,7.43868803606047
"77",33.3561577763684,39.7841741496015,11.4516605693418,9.24232800897686,12.4839416897695,9.75003173235244,10.8220021116273,13.1167945020603,14.6212329050521,2.62323274974903,2.86666308051212,3.95618225192902,6.70970486389046,7.14051935656352,4.85726503515217,7.57604966612287,4.28185618259723,6.21669474142103,7.19494011952896,8.89221287348213,9.30200506552991,11.1442788744433,11.7126298537928,14.1218984725923,17.0767878391359,10.6691860432655,13.3325566248572,14.3480975350986,16.9825497101104,15.6411929592476,17.8598611417415,18.7981729980294,18.9560410328267,20.8420905643924,21.2732043451552,22.6909406630078,24.4936030955127,24.2037967852102,24.6011432298436,26.1203178178631,26.4131782832464,27.5901977770723,28.7859516978719,31.3905547870041,31.3786403199195,32.3099637202203,34.2553337623664,34.2813400855481,34.387810980546,35.4166939348496,38.05722787629,38.1709232453151,41.9304481372339,37.3235258334322,21.2195359208724,20.3805076998475,20.5660945217833,20.4078391973621,20.9870043886718,22.9647861724919,22.3244655553658,24.7438875712696,25.3365991637992,25.8952213548327,26.7080024383199,29.1786145430533,27.722336961041,29.4441508097908,32.0445431121452,32.3950838076148,33.0900555597067,34.6703085165345,11.6778573436236,22.994198352928,22.8878246811614,7.43868803606047,0
